match_number,date_local,fixture_kickoff_utc,kickoff_utc,kickoff_beijing,stage,stage_cn,group,home_team,away_team,stadium,host_city,status,status_state,completed,home_score,away_score,attendance,espn_event_id,espn_summary_url,espn_stats_url,fixture_url,time_discrepancy_note,source
1,2026-06-11,2026-06-11T19:00:00Z,2026-06-11T19:00:00Z,2026-06-12T03:00+08:00,group-stage,小组赛,A,Mexico,South Africa,Estadio Azteca,mexico-city,Full Time,post,True,2,0,80824,760415,https://www.espn.com/soccer/match/_/gameId/760415/south-africa-mexico,https://www.espn.com/soccer/matchstats/_/gameId/760415,https://www.thestatsapi.com/world-cup/matches/mexico-vs-south-africa-2026-06-11,,TheStatsAPI fixtures + ESPN scoreboard
2,2026-06-11,2026-06-12T02:00:00Z,2026-06-12T02:00:00Z,2026-06-12T10:00+08:00,group-stage,小组赛,A,Korea Republic,Czechia,Estadio Akron,guadalajara,Full Time,post,True,2,1,44985,760414,https://www.espn.com/soccer/match/_/gameId/760414/czechia-south-korea,https://www.espn.com/soccer/matchstats/_/gameId/760414,https://www.thestatsapi.com/world-cup/matches/korea-republic-vs-czechia-2026-06-11,,TheStatsAPI fixtures + ESPN scoreboard
3,2026-06-12,2026-06-12T19:00:00Z,2026-06-12T19:00:00Z,2026-06-13T03:00+08:00,group-stage,小组赛,B,Canada,Bosnia and Herzegovina,BMO Field,toronto,Full Time,post,True,1,1,43002,760416,https://www.espn.com/soccer/match/_/gameId/760416/bosnia-herzegovina-canada,https://www.espn.com/soccer/matchstats/_/gameId/760416,https://www.thestatsapi.com/world-cup/matches/canada-vs-bosnia-and-herzegovina-2026-06-12,,TheStatsAPI fixtures + ESPN scoreboard
4,2026-06-12,2026-06-13T01:00:00Z,2026-06-13T01:00:00Z,2026-06-13T09:00+08:00,group-stage,小组赛,D,United States,Paraguay,SoFi Stadium,los-angeles,Full Time,post,True,4,1,70492,760417,https://www.espn.com/soccer/match/_/gameId/760417/paraguay-united-states,https://www.espn.com/soccer/matchstats/_/gameId/760417,https://www.thestatsapi.com/world-cup/matches/united-states-vs-paraguay-2026-06-12,,TheStatsAPI fixtures + ESPN scoreboard
5,2026-06-13,2026-06-14T01:00:00Z,2026-06-14T01:00:00Z,2026-06-14T09:00+08:00,group-stage,小组赛,C,Haiti,Scotland,Gillette Stadium,boston,Full Time,post,True,0,1,64146,760418,https://www.espn.com/soccer/match/_/gameId/760418/scotland-haiti,https://www.espn.com/soccer/matchstats/_/gameId/760418,https://www.thestatsapi.com/world-cup/matches/haiti-vs-scotland-2026-06-13,,TheStatsAPI fixtures + ESPN scoreboard
6,2026-06-13,2026-06-14T04:00:00Z,2026-06-14T04:00:00Z,2026-06-14T12:00+08:00,group-stage,小组赛,D,Australia,Turkiye,BC Place,vancouver,Full Time,post,True,2,0,52497,760421,https://www.espn.com/soccer/match/_/gameId/760421/turkiye-australia,https://www.espn.com/soccer/matchstats/_/gameId/760421,https://www.thestatsapi.com/world-cup/matches/australia-vs-turkiye-2026-06-13,,TheStatsAPI fixtures + ESPN scoreboard
7,2026-06-13,2026-06-13T22:00:00Z,2026-06-13T22:00:00Z,2026-06-14T06:00+08:00,group-stage,小组赛,C,Brazil,Morocco,MetLife Stadium,new-york,Full Time,post,True,1,1,80663,760419,https://www.espn.com/soccer/match/_/gameId/760419/morocco-brazil,https://www.espn.com/soccer/matchstats/_/gameId/760419,https://www.thestatsapi.com/world-cup/matches/brazil-vs-morocco-2026-06-13,,TheStatsAPI fixtures + ESPN scoreboard
8,2026-06-13,2026-06-13T19:00:00Z,2026-06-13T19:00:00Z,2026-06-14T03:00+08:00,group-stage,小组赛,B,Qatar,Switzerland,Levi's Stadium,san-francisco,Full Time,post,True,1,1,67966,760420,https://www.espn.com/soccer/match/_/gameId/760420/switzerland-qatar,https://www.espn.com/soccer/matchstats/_/gameId/760420,https://www.thestatsapi.com/world-cup/matches/qatar-vs-switzerland-2026-06-13,,TheStatsAPI fixtures + ESPN scoreboard
9,2026-06-14,2026-06-14T23:00:00Z,2026-06-14T23:00:00Z,2026-06-15T07:00+08:00,group-stage,小组赛,E,Cote d'Ivoire,Ecuador,Lincoln Financial Field,philadelphia,Full Time,post,True,1,0,68274,760423,https://www.espn.com/soccer/match/_/gameId/760423/ecuador-ivory-coast,https://www.espn.com/soccer/matchstats/_/gameId/760423,https://www.thestatsapi.com/world-cup/matches/cote-divoire-vs-ecuador-2026-06-14,,TheStatsAPI fixtures + ESPN scoreboard
10,2026-06-14,2026-06-14T17:00:00Z,2026-06-14T17:00:00Z,2026-06-15T01:00+08:00,group-stage,小组赛,E,Germany,Curacao,NRG Stadium,houston,Full Time,post,True,7,1,68021,760422,https://www.espn.com/soccer/match/_/gameId/760422/curacao-germany,https://www.espn.com/soccer/matchstats/_/gameId/760422,https://www.thestatsapi.com/world-cup/matches/germany-vs-curacao-2026-06-14,,TheStatsAPI fixtures + ESPN scoreboard
11,2026-06-14,2026-06-14T20:00:00Z,2026-06-14T20:00:00Z,2026-06-15T04:00+08:00,group-stage,小组赛,F,Netherlands,Japan,AT&T Stadium,dallas,Full Time,post,True,2,2,69285,760425,https://www.espn.com/soccer/match/_/gameId/760425/japan-netherlands,https://www.espn.com/soccer/matchstats/_/gameId/760425,https://www.thestatsapi.com/world-cup/matches/netherlands-vs-japan-2026-06-14,,TheStatsAPI fixtures + ESPN scoreboard
12,2026-06-14,2026-06-15T02:00:00Z,2026-06-15T02:00:00Z,2026-06-15T10:00+08:00,group-stage,小组赛,F,Sweden,Tunisia,Estadio BBVA,monterrey,Full Time,post,True,5,1,50987,760424,https://www.espn.com/soccer/match/_/gameId/760424/tunisia-sweden,https://www.espn.com/soccer/matchstats/_/gameId/760424,https://www.thestatsapi.com/world-cup/matches/sweden-vs-tunisia-2026-06-14,,TheStatsAPI fixtures + ESPN scoreboard
13,2026-06-15,2026-06-15T22:00:00Z,2026-06-15T22:00:00Z,2026-06-16T06:00+08:00,group-stage,小组赛,H,Saudi Arabia,Uruguay,Hard Rock Stadium,miami,Full Time,post,True,1,1,62764,760429,https://www.espn.com/soccer/match/_/gameId/760429/uruguay-saudi-arabia,https://www.espn.com/soccer/matchstats/_/gameId/760429,https://www.thestatsapi.com/world-cup/matches/saudi-arabia-vs-uruguay-2026-06-15,,TheStatsAPI fixtures + ESPN scoreboard
14,2026-06-15,2026-06-15T16:00:00Z,2026-06-15T16:00:00Z,2026-06-16T00:00+08:00,group-stage,小组赛,H,Spain,Cabo Verde,Mercedes-Benz Stadium,atlanta,Full Time,post,True,0,0,67640,760428,https://www.espn.com/soccer/match/_/gameId/760428/cape-verde-spain,https://www.espn.com/soccer/matchstats/_/gameId/760428,https://www.thestatsapi.com/world-cup/matches/spain-vs-cabo-verde-2026-06-15,,TheStatsAPI fixtures + ESPN scoreboard
15,2026-06-15,2026-06-16T01:00:00Z,2026-06-16T01:00:00Z,2026-06-16T09:00+08:00,group-stage,小组赛,G,IR Iran,New Zealand,SoFi Stadium,los-angeles,Full Time,post,True,2,2,70108,760427,https://www.espn.com/soccer/match/_/gameId/760427/new-zealand-iran,https://www.espn.com/soccer/matchstats/_/gameId/760427,https://www.thestatsapi.com/world-cup/matches/ir-iran-vs-new-zealand-2026-06-15,,TheStatsAPI fixtures + ESPN scoreboard
16,2026-06-15,2026-06-15T19:00:00Z,2026-06-15T19:00:00Z,2026-06-16T03:00+08:00,group-stage,小组赛,G,Belgium,Egypt,Lumen Field,seattle,Full Time,post,True,1,1,66775,760426,https://www.espn.com/soccer/match/_/gameId/760426/egypt-belgium,https://www.espn.com/soccer/matchstats/_/gameId/760426,https://www.thestatsapi.com/world-cup/matches/belgium-vs-egypt-2026-06-15,,TheStatsAPI fixtures + ESPN scoreboard
17,2026-06-16,2026-06-16T19:00:00Z,2026-06-16T19:00:00Z,2026-06-17T03:00+08:00,group-stage,小组赛,I,France,Senegal,MetLife Stadium,new-york,Full Time,post,True,3,1,80545,760432,https://www.espn.com/soccer/match/_/gameId/760432/senegal-france,https://www.espn.com/soccer/matchstats/_/gameId/760432,https://www.thestatsapi.com/world-cup/matches/france-vs-senegal-2026-06-16,,TheStatsAPI fixtures + ESPN scoreboard
18,2026-06-16,2026-06-16T22:00:00Z,2026-06-16T22:00:00Z,2026-06-17T06:00+08:00,group-stage,小组赛,I,Iraq,Norway,Gillette Stadium,boston,Full Time,post,True,1,4,63106,760430,https://www.espn.com/soccer/match/_/gameId/760430/norway-iraq,https://www.espn.com/soccer/matchstats/_/gameId/760430,https://www.thestatsapi.com/world-cup/matches/iraq-vs-norway-2026-06-16,,TheStatsAPI fixtures + ESPN scoreboard
19,2026-06-16,2026-06-17T01:00:00Z,2026-06-17T01:00:00Z,2026-06-17T09:00+08:00,group-stage,小组赛,J,Argentina,Algeria,Arrowhead Stadium,kansas-city,Full Time,post,True,3,0,69045,760433,https://www.espn.com/soccer/match/_/gameId/760433/algeria-argentina,https://www.espn.com/soccer/matchstats/_/gameId/760433,https://www.thestatsapi.com/world-cup/matches/argentina-vs-algeria-2026-06-16,,TheStatsAPI fixtures + ESPN scoreboard
20,2026-06-16,2026-06-17T04:00:00Z,2026-06-17T04:00:00Z,2026-06-17T12:00+08:00,group-stage,小组赛,J,Austria,Jordan,Levi's Stadium,san-francisco,Full Time,post,True,3,1,68527,760431,https://www.espn.com/soccer/match/_/gameId/760431/jordan-austria,https://www.espn.com/soccer/matchstats/_/gameId/760431,https://www.thestatsapi.com/world-cup/matches/austria-vs-jordan-2026-06-16,,TheStatsAPI fixtures + ESPN scoreboard
21,2026-06-17,2026-06-17T23:00:00Z,2026-06-17T23:00:00Z,2026-06-18T07:00+08:00,group-stage,小组赛,L,Ghana,Panama,BMO Field,toronto,Full Time,post,True,1,0,42942,760434,https://www.espn.com/soccer/match/_/gameId/760434/panama-ghana,https://www.espn.com/soccer/matchstats/_/gameId/760434,https://www.thestatsapi.com/world-cup/matches/ghana-vs-panama-2026-06-17,,TheStatsAPI fixtures + ESPN scoreboard
22,2026-06-17,2026-06-17T20:00:00Z,2026-06-17T20:00:00Z,2026-06-18T04:00+08:00,group-stage,小组赛,L,England,Croatia,AT&T Stadium,dallas,Full Time,post,True,4,2,70389,760437,https://www.espn.com/soccer/match/_/gameId/760437/croatia-england,https://www.espn.com/soccer/matchstats/_/gameId/760437,https://www.thestatsapi.com/world-cup/matches/england-vs-croatia-2026-06-17,,TheStatsAPI fixtures + ESPN scoreboard
23,2026-06-17,2026-06-17T17:00:00Z,2026-06-17T17:00:00Z,2026-06-18T01:00+08:00,group-stage,小组赛,K,Portugal,Congo DR,NRG Stadium,houston,Full Time,post,True,1,1,68777,760435,https://www.espn.com/soccer/match/_/gameId/760435/congo-dr-portugal,https://www.espn.com/soccer/matchstats/_/gameId/760435,https://www.thestatsapi.com/world-cup/matches/portugal-vs-congo-dr-2026-06-17,,TheStatsAPI fixtures + ESPN scoreboard
24,2026-06-17,2026-06-18T02:00:00Z,2026-06-18T02:00:00Z,2026-06-18T10:00+08:00,group-stage,小组赛,K,Uzbekistan,Colombia,Estadio Azteca,mexico-city,Full Time,post,True,1,3,80824,760436,https://www.espn.com/soccer/match/_/gameId/760436/colombia-uzbekistan,https://www.espn.com/soccer/matchstats/_/gameId/760436,https://www.thestatsapi.com/world-cup/matches/uzbekistan-vs-colombia-2026-06-17,,TheStatsAPI fixtures + ESPN scoreboard
25,2026-06-18,2026-06-18T16:00:00Z,2026-06-18T16:00:00Z,2026-06-19T00:00+08:00,group-stage,小组赛,A,Czechia,South Africa,Mercedes-Benz Stadium,atlanta,Full Time,post,True,1,1,67442,760438,https://www.espn.com/soccer/match/_/gameId/760438/south-africa-czechia,https://www.espn.com/soccer/matchstats/_/gameId/760438,https://www.thestatsapi.com/world-cup/matches/czechia-vs-south-africa-2026-06-18,,TheStatsAPI fixtures + ESPN scoreboard
26,2026-06-18,2026-06-18T19:00:00Z,2026-06-18T19:00:00Z,2026-06-19T03:00+08:00,group-stage,小组赛,B,Switzerland,Bosnia and Herzegovina,SoFi Stadium,los-angeles,Full Time,post,True,4,1,70026,760439,https://www.espn.com/soccer/match/_/gameId/760439/bosnia-herzegovina-switzerland,https://www.espn.com/soccer/matchstats/_/gameId/760439,https://www.thestatsapi.com/world-cup/matches/switzerland-vs-bosnia-and-herzegovina-2026-06-18,,TheStatsAPI fixtures + ESPN scoreboard
27,2026-06-18,2026-06-18T22:00:00Z,2026-06-18T22:00:00Z,2026-06-19T06:00+08:00,group-stage,小组赛,B,Canada,Qatar,BC Place,vancouver,Full Time,post,True,6,0,52497,760440,https://www.espn.com/soccer/match/_/gameId/760440/qatar-canada,https://www.espn.com/soccer/matchstats/_/gameId/760440,https://www.thestatsapi.com/world-cup/matches/canada-vs-qatar-2026-06-18,,TheStatsAPI fixtures + ESPN scoreboard
28,2026-06-18,2026-06-19T01:00:00Z,2026-06-19T01:00:00Z,2026-06-19T09:00+08:00,group-stage,小组赛,A,Mexico,Korea Republic,Estadio Akron,guadalajara,Full Time,post,True,1,0,45522,760441,https://www.espn.com/soccer/match/_/gameId/760441/south-korea-mexico,https://www.espn.com/soccer/matchstats/_/gameId/760441,https://www.thestatsapi.com/world-cup/matches/mexico-vs-korea-republic-2026-06-18,,TheStatsAPI fixtures + ESPN scoreboard
29,2026-06-19,2026-06-20T01:00:00Z,2026-06-20T00:30:00Z,2026-06-20T08:30+08:00,group-stage,小组赛,C,Brazil,Haiti,Lincoln Financial Field,philadelphia,Full Time,post,True,3,0,68324,760444,https://www.espn.com/soccer/match/_/gameId/760444/haiti-brazil,https://www.espn.com/soccer/matchstats/_/gameId/760444,https://www.thestatsapi.com/world-cup/matches/brazil-vs-haiti-2026-06-19,Fixture source kickoff was 2026-06-20T01:00:00Z; ESPN/Zhibo8 aligned kickoff is 2026-06-20T00:30:00Z.,TheStatsAPI fixtures + ESPN scoreboard
30,2026-06-19,2026-06-19T22:00:00Z,2026-06-19T22:00:00Z,2026-06-20T06:00+08:00,group-stage,小组赛,C,Scotland,Morocco,Gillette Stadium,boston,Full Time,post,True,0,1,64146,760445,https://www.espn.com/soccer/match/_/gameId/760445/morocco-scotland,https://www.espn.com/soccer/matchstats/_/gameId/760445,https://www.thestatsapi.com/world-cup/matches/scotland-vs-morocco-2026-06-19,,TheStatsAPI fixtures + ESPN scoreboard
31,2026-06-19,2026-06-20T03:00:00Z,2026-06-20T03:00:00Z,2026-06-20T11:00+08:00,group-stage,小组赛,D,Turkiye,Paraguay,Levi's Stadium,san-francisco,Full Time,post,True,0,1,68827,760443,https://www.espn.com/soccer/match/_/gameId/760443/paraguay-turkiye,https://www.espn.com/soccer/matchstats/_/gameId/760443,https://www.thestatsapi.com/world-cup/matches/turkiye-vs-paraguay-2026-06-19,,TheStatsAPI fixtures + ESPN scoreboard
32,2026-06-19,2026-06-19T19:00:00Z,2026-06-19T19:00:00Z,2026-06-20T03:00+08:00,group-stage,小组赛,D,United States,Australia,Lumen Field,seattle,Full Time,post,True,2,0,66925,760442,https://www.espn.com/soccer/match/_/gameId/760442/australia-united-states,https://www.espn.com/soccer/matchstats/_/gameId/760442,https://www.thestatsapi.com/world-cup/matches/united-states-vs-australia-2026-06-19,,TheStatsAPI fixtures + ESPN scoreboard
33,2026-06-20,2026-06-20T20:00:00Z,2026-06-20T20:00:00Z,2026-06-21T04:00+08:00,group-stage,小组赛,E,Germany,Cote d'Ivoire,BMO Field,toronto,Scheduled,pre,False,0,0,0,760448,https://www.espn.com/soccer/match/_/gameId/760448/ivory-coast-germany,https://www.espn.com/soccer/matchstats/_/gameId/760448,https://www.thestatsapi.com/world-cup/matches/germany-vs-cote-divoire-2026-06-20,,TheStatsAPI fixtures + ESPN scoreboard
34,2026-06-20,2026-06-21T00:00:00Z,2026-06-21T00:00:00Z,2026-06-21T08:00+08:00,group-stage,小组赛,E,Ecuador,Curacao,Arrowhead Stadium,kansas-city,Scheduled,pre,False,0,0,0,760446,https://www.espn.com/soccer/match/_/gameId/760446/curacao-ecuador,https://www.espn.com/soccer/matchstats/_/gameId/760446,https://www.thestatsapi.com/world-cup/matches/ecuador-vs-curacao-2026-06-20,,TheStatsAPI fixtures + ESPN scoreboard
35,2026-06-20,2026-06-20T17:00:00Z,2026-06-20T17:00:00Z,2026-06-21T01:00+08:00,group-stage,小组赛,F,Netherlands,Sweden,NRG Stadium,houston,Halftime,in,False,2,0,0,760447,,https://www.espn.com/soccer/matchstats/_/gameId/760447,https://www.thestatsapi.com/world-cup/matches/netherlands-vs-sweden-2026-06-20,,TheStatsAPI fixtures + ESPN scoreboard
36,2026-06-20,2026-06-21T04:00:00Z,2026-06-21T04:00:00Z,2026-06-21T12:00+08:00,group-stage,小组赛,F,Tunisia,Japan,Estadio BBVA,monterrey,Scheduled,pre,False,0,0,0,760449,https://www.espn.com/soccer/match/_/gameId/760449/japan-tunisia,https://www.espn.com/soccer/matchstats/_/gameId/760449,https://www.thestatsapi.com/world-cup/matches/tunisia-vs-japan-2026-06-20,,TheStatsAPI fixtures + ESPN scoreboard
37,2026-06-21,2026-06-21T22:00:00Z,2026-06-21T22:00:00Z,2026-06-22T06:00+08:00,group-stage,小组赛,H,Uruguay,Cabo Verde,Hard Rock Stadium,miami,Scheduled,pre,False,0,0,0,760450,https://www.espn.com/soccer/match/_/gameId/760450/cape-verde-uruguay,https://www.espn.com/soccer/matchstats/_/gameId/760450,https://www.thestatsapi.com/world-cup/matches/uruguay-vs-cabo-verde-2026-06-21,,TheStatsAPI fixtures + ESPN scoreboard
38,2026-06-21,2026-06-21T16:00:00Z,2026-06-21T16:00:00Z,2026-06-22T00:00+08:00,group-stage,小组赛,H,Spain,Saudi Arabia,Mercedes-Benz Stadium,atlanta,Scheduled,pre,False,0,0,0,760453,https://www.espn.com/soccer/match/_/gameId/760453/saudi-arabia-spain,https://www.espn.com/soccer/matchstats/_/gameId/760453,https://www.thestatsapi.com/world-cup/matches/spain-vs-saudi-arabia-2026-06-21,,TheStatsAPI fixtures + ESPN scoreboard
39,2026-06-21,2026-06-21T19:00:00Z,2026-06-21T19:00:00Z,2026-06-22T03:00+08:00,group-stage,小组赛,G,Belgium,IR Iran,SoFi Stadium,los-angeles,Scheduled,pre,False,0,0,0,760451,https://www.espn.com/soccer/match/_/gameId/760451/iran-belgium,https://www.espn.com/soccer/matchstats/_/gameId/760451,https://www.thestatsapi.com/world-cup/matches/belgium-vs-ir-iran-2026-06-21,,TheStatsAPI fixtures + ESPN scoreboard
40,2026-06-21,2026-06-22T01:00:00Z,2026-06-22T01:00:00Z,2026-06-22T09:00+08:00,group-stage,小组赛,G,New Zealand,Egypt,BC Place,vancouver,Scheduled,pre,False,0,0,0,760452,https://www.espn.com/soccer/match/_/gameId/760452/egypt-new-zealand,https://www.espn.com/soccer/matchstats/_/gameId/760452,https://www.thestatsapi.com/world-cup/matches/new-zealand-vs-egypt-2026-06-21,,TheStatsAPI fixtures + ESPN scoreboard
41,2026-06-22,2026-06-23T00:00:00Z,2026-06-23T00:00:00Z,2026-06-23T08:00+08:00,group-stage,小组赛,I,Norway,Senegal,MetLife Stadium,new-york,Scheduled,pre,False,0,0,0,760454,https://www.espn.com/soccer/match/_/gameId/760454/senegal-norway,https://www.espn.com/soccer/matchstats/_/gameId/760454,https://www.thestatsapi.com/world-cup/matches/norway-vs-senegal-2026-06-22,,TheStatsAPI fixtures + ESPN scoreboard
42,2026-06-22,2026-06-22T21:00:00Z,2026-06-22T21:00:00Z,2026-06-23T05:00+08:00,group-stage,小组赛,I,France,Iraq,Lincoln Financial Field,philadelphia,Scheduled,pre,False,0,0,0,760457,https://www.espn.com/soccer/match/_/gameId/760457/iraq-france,https://www.espn.com/soccer/matchstats/_/gameId/760457,https://www.thestatsapi.com/world-cup/matches/france-vs-iraq-2026-06-22,,TheStatsAPI fixtures + ESPN scoreboard
43,2026-06-22,2026-06-22T17:00:00Z,2026-06-22T17:00:00Z,2026-06-23T01:00+08:00,group-stage,小组赛,J,Argentina,Austria,AT&T Stadium,dallas,Scheduled,pre,False,0,0,0,760456,https://www.espn.com/soccer/match/_/gameId/760456/austria-argentina,https://www.espn.com/soccer/matchstats/_/gameId/760456,https://www.thestatsapi.com/world-cup/matches/argentina-vs-austria-2026-06-22,,TheStatsAPI fixtures + ESPN scoreboard
44,2026-06-22,2026-06-23T03:00:00Z,2026-06-23T03:00:00Z,2026-06-23T11:00+08:00,group-stage,小组赛,J,Jordan,Algeria,Levi's Stadium,san-francisco,Scheduled,pre,False,0,0,0,760455,https://www.espn.com/soccer/match/_/gameId/760455/algeria-jordan,https://www.espn.com/soccer/matchstats/_/gameId/760455,https://www.thestatsapi.com/world-cup/matches/jordan-vs-algeria-2026-06-22,,TheStatsAPI fixtures + ESPN scoreboard
45,2026-06-23,2026-06-23T20:00:00Z,2026-06-23T20:00:00Z,2026-06-24T04:00+08:00,group-stage,小组赛,L,England,Ghana,Gillette Stadium,boston,Scheduled,pre,False,0,0,0,760458,https://www.espn.com/soccer/match/_/gameId/760458/ghana-england,https://www.espn.com/soccer/matchstats/_/gameId/760458,https://www.thestatsapi.com/world-cup/matches/england-vs-ghana-2026-06-23,,TheStatsAPI fixtures + ESPN scoreboard
46,2026-06-23,2026-06-23T23:00:00Z,2026-06-23T23:00:00Z,2026-06-24T07:00+08:00,group-stage,小组赛,L,Panama,Croatia,BMO Field,toronto,Scheduled,pre,False,0,0,0,760460,https://www.espn.com/soccer/match/_/gameId/760460/croatia-panama,https://www.espn.com/soccer/matchstats/_/gameId/760460,https://www.thestatsapi.com/world-cup/matches/panama-vs-croatia-2026-06-23,,TheStatsAPI fixtures + ESPN scoreboard
47,2026-06-23,2026-06-23T17:00:00Z,2026-06-23T17:00:00Z,2026-06-24T01:00+08:00,group-stage,小组赛,K,Portugal,Uzbekistan,NRG Stadium,houston,Scheduled,pre,False,0,0,0,760461,https://www.espn.com/soccer/match/_/gameId/760461/uzbekistan-portugal,https://www.espn.com/soccer/matchstats/_/gameId/760461,https://www.thestatsapi.com/world-cup/matches/portugal-vs-uzbekistan-2026-06-23,,TheStatsAPI fixtures + ESPN scoreboard
48,2026-06-23,2026-06-24T02:00:00Z,2026-06-24T02:00:00Z,2026-06-24T10:00+08:00,group-stage,小组赛,K,Colombia,Congo DR,Estadio Akron,guadalajara,Scheduled,pre,False,0,0,0,760459,https://www.espn.com/soccer/match/_/gameId/760459/congo-dr-colombia,https://www.espn.com/soccer/matchstats/_/gameId/760459,https://www.thestatsapi.com/world-cup/matches/colombia-vs-congo-dr-2026-06-23,,TheStatsAPI fixtures + ESPN scoreboard
49,2026-06-24,2026-06-24T22:00:00Z,2026-06-24T22:00:00Z,2026-06-25T06:00+08:00,group-stage,小组赛,C,Scotland,Brazil,Hard Rock Stadium,miami,Scheduled,pre,False,0,0,0,760465,https://www.espn.com/soccer/match/_/gameId/760465/brazil-scotland,https://www.espn.com/soccer/matchstats/_/gameId/760465,https://www.thestatsapi.com/world-cup/matches/scotland-vs-brazil-2026-06-24,,TheStatsAPI fixtures + ESPN scoreboard
50,2026-06-24,2026-06-24T22:00:00Z,2026-06-24T22:00:00Z,2026-06-25T06:00+08:00,group-stage,小组赛,C,Morocco,Haiti,Mercedes-Benz Stadium,atlanta,Scheduled,pre,False,0,0,0,760464,https://www.espn.com/soccer/match/_/gameId/760464/haiti-morocco,https://www.espn.com/soccer/matchstats/_/gameId/760464,https://www.thestatsapi.com/world-cup/matches/morocco-vs-haiti-2026-06-24,,TheStatsAPI fixtures + ESPN scoreboard
51,2026-06-24,2026-06-24T19:00:00Z,2026-06-24T19:00:00Z,2026-06-25T03:00+08:00,group-stage,小组赛,B,Switzerland,Canada,BC Place,vancouver,Scheduled,pre,False,0,0,0,760463,https://www.espn.com/soccer/match/_/gameId/760463/canada-switzerland,https://www.espn.com/soccer/matchstats/_/gameId/760463,https://www.thestatsapi.com/world-cup/matches/switzerland-vs-canada-2026-06-24,,TheStatsAPI fixtures + ESPN scoreboard
52,2026-06-24,2026-06-24T19:00:00Z,2026-06-24T19:00:00Z,2026-06-25T03:00+08:00,group-stage,小组赛,B,Bosnia and Herzegovina,Qatar,Lumen Field,seattle,Scheduled,pre,False,0,0,0,760462,https://www.espn.com/soccer/match/_/gameId/760462/qatar-bosnia-herzegovina,https://www.espn.com/soccer/matchstats/_/gameId/760462,https://www.thestatsapi.com/world-cup/matches/bosnia-and-herzegovina-vs-qatar-2026-06-24,,TheStatsAPI fixtures + ESPN scoreboard
53,2026-06-24,2026-06-25T01:00:00Z,2026-06-25T01:00:00Z,2026-06-25T09:00+08:00,group-stage,小组赛,A,Czechia,Mexico,Estadio Azteca,mexico-city,Scheduled,pre,False,0,0,0,760467,https://www.espn.com/soccer/match/_/gameId/760467/mexico-czechia,https://www.espn.com/soccer/matchstats/_/gameId/760467,https://www.thestatsapi.com/world-cup/matches/czechia-vs-mexico-2026-06-24,,TheStatsAPI fixtures + ESPN scoreboard
54,2026-06-24,2026-06-25T01:00:00Z,2026-06-25T01:00:00Z,2026-06-25T09:00+08:00,group-stage,小组赛,A,South Africa,Korea Republic,Estadio BBVA,monterrey,Scheduled,pre,False,0,0,0,760466,https://www.espn.com/soccer/match/_/gameId/760466/south-korea-south-africa,https://www.espn.com/soccer/matchstats/_/gameId/760466,https://www.thestatsapi.com/world-cup/matches/south-africa-vs-korea-republic-2026-06-24,,TheStatsAPI fixtures + ESPN scoreboard
55,2026-06-25,2026-06-25T20:00:00Z,2026-06-25T20:00:00Z,2026-06-26T04:00+08:00,group-stage,小组赛,E,Curacao,Cote d'Ivoire,Lincoln Financial Field,philadelphia,Scheduled,pre,False,0,0,0,760473,https://www.espn.com/soccer/match/_/gameId/760473/ivory-coast-curacao,https://www.espn.com/soccer/matchstats/_/gameId/760473,https://www.thestatsapi.com/world-cup/matches/curacao-vs-cote-divoire-2026-06-25,,TheStatsAPI fixtures + ESPN scoreboard
56,2026-06-25,2026-06-25T20:00:00Z,2026-06-25T20:00:00Z,2026-06-26T04:00+08:00,group-stage,小组赛,E,Ecuador,Germany,MetLife Stadium,new-york,Scheduled,pre,False,0,0,0,760468,https://www.espn.com/soccer/match/_/gameId/760468/germany-ecuador,https://www.espn.com/soccer/matchstats/_/gameId/760468,https://www.thestatsapi.com/world-cup/matches/ecuador-vs-germany-2026-06-25,,TheStatsAPI fixtures + ESPN scoreboard
57,2026-06-25,2026-06-25T23:00:00Z,2026-06-25T23:00:00Z,2026-06-26T07:00+08:00,group-stage,小组赛,F,Japan,Sweden,AT&T Stadium,dallas,Scheduled,pre,False,0,0,0,760471,https://www.espn.com/soccer/match/_/gameId/760471/sweden-japan,https://www.espn.com/soccer/matchstats/_/gameId/760471,https://www.thestatsapi.com/world-cup/matches/japan-vs-sweden-2026-06-25,,TheStatsAPI fixtures + ESPN scoreboard
58,2026-06-25,2026-06-25T23:00:00Z,2026-06-25T23:00:00Z,2026-06-26T07:00+08:00,group-stage,小组赛,F,Tunisia,Netherlands,Arrowhead Stadium,kansas-city,Scheduled,pre,False,0,0,0,760472,https://www.espn.com/soccer/match/_/gameId/760472/netherlands-tunisia,https://www.espn.com/soccer/matchstats/_/gameId/760472,https://www.thestatsapi.com/world-cup/matches/tunisia-vs-netherlands-2026-06-25,,TheStatsAPI fixtures + ESPN scoreboard
59,2026-06-25,2026-06-26T02:00:00Z,2026-06-26T02:00:00Z,2026-06-26T10:00+08:00,group-stage,小组赛,D,Turkiye,United States,SoFi Stadium,los-angeles,Scheduled,pre,False,0,0,0,760470,https://www.espn.com/soccer/match/_/gameId/760470/united-states-turkiye,https://www.espn.com/soccer/matchstats/_/gameId/760470,https://www.thestatsapi.com/world-cup/matches/turkiye-vs-united-states-2026-06-25,,TheStatsAPI fixtures + ESPN scoreboard
60,2026-06-25,2026-06-26T02:00:00Z,2026-06-26T02:00:00Z,2026-06-26T10:00+08:00,group-stage,小组赛,D,Paraguay,Australia,Levi's Stadium,san-francisco,Scheduled,pre,False,0,0,0,760469,https://www.espn.com/soccer/match/_/gameId/760469/australia-paraguay,https://www.espn.com/soccer/matchstats/_/gameId/760469,https://www.thestatsapi.com/world-cup/matches/paraguay-vs-australia-2026-06-25,,TheStatsAPI fixtures + ESPN scoreboard
61,2026-06-26,2026-06-26T19:00:00Z,2026-06-26T19:00:00Z,2026-06-27T03:00+08:00,group-stage,小组赛,I,Norway,France,Gillette Stadium,boston,Scheduled,pre,False,0,0,0,760475,https://www.espn.com/soccer/match/_/gameId/760475/france-norway,https://www.espn.com/soccer/matchstats/_/gameId/760475,https://www.thestatsapi.com/world-cup/matches/norway-vs-france-2026-06-26,,TheStatsAPI fixtures + ESPN scoreboard
62,2026-06-26,2026-06-26T19:00:00Z,2026-06-26T19:00:00Z,2026-06-27T03:00+08:00,group-stage,小组赛,I,Senegal,Iraq,BMO Field,toronto,Scheduled,pre,False,0,0,0,760474,https://www.espn.com/soccer/match/_/gameId/760474/iraq-senegal,https://www.espn.com/soccer/matchstats/_/gameId/760474,https://www.thestatsapi.com/world-cup/matches/senegal-vs-iraq-2026-06-26,,TheStatsAPI fixtures + ESPN scoreboard
63,2026-06-26,2026-06-27T03:00:00Z,2026-06-27T03:00:00Z,2026-06-27T11:00+08:00,group-stage,小组赛,G,Egypt,IR Iran,Lumen Field,seattle,Scheduled,pre,False,0,0,0,760476,https://www.espn.com/soccer/match/_/gameId/760476/iran-egypt,https://www.espn.com/soccer/matchstats/_/gameId/760476,https://www.thestatsapi.com/world-cup/matches/egypt-vs-ir-iran-2026-06-26,,TheStatsAPI fixtures + ESPN scoreboard
64,2026-06-26,2026-06-27T03:00:00Z,2026-06-27T03:00:00Z,2026-06-27T11:00+08:00,group-stage,小组赛,G,New Zealand,Belgium,BC Place,vancouver,Scheduled,pre,False,0,0,0,760477,https://www.espn.com/soccer/match/_/gameId/760477/belgium-new-zealand,https://www.espn.com/soccer/matchstats/_/gameId/760477,https://www.thestatsapi.com/world-cup/matches/new-zealand-vs-belgium-2026-06-26,,TheStatsAPI fixtures + ESPN scoreboard
65,2026-06-26,2026-06-27T00:00:00Z,2026-06-27T00:00:00Z,2026-06-27T08:00+08:00,group-stage,小组赛,H,Cabo Verde,Saudi Arabia,NRG Stadium,houston,Scheduled,pre,False,0,0,0,760478,https://www.espn.com/soccer/match/_/gameId/760478/saudi-arabia-cape-verde,https://www.espn.com/soccer/matchstats/_/gameId/760478,https://www.thestatsapi.com/world-cup/matches/cabo-verde-vs-saudi-arabia-2026-06-26,,TheStatsAPI fixtures + ESPN scoreboard
66,2026-06-26,2026-06-27T00:00:00Z,2026-06-27T00:00:00Z,2026-06-27T08:00+08:00,group-stage,小组赛,H,Uruguay,Spain,Estadio Akron,guadalajara,Scheduled,pre,False,0,0,0,760479,https://www.espn.com/soccer/match/_/gameId/760479/spain-uruguay,https://www.espn.com/soccer/matchstats/_/gameId/760479,https://www.thestatsapi.com/world-cup/matches/uruguay-vs-spain-2026-06-26,,TheStatsAPI fixtures + ESPN scoreboard
67,2026-06-27,2026-06-27T21:00:00Z,2026-06-27T21:00:00Z,2026-06-28T05:00+08:00,group-stage,小组赛,L,Panama,England,MetLife Stadium,new-york,Scheduled,pre,False,0,0,0,760485,https://www.espn.com/soccer/match/_/gameId/760485/england-panama,https://www.espn.com/soccer/matchstats/_/gameId/760485,https://www.thestatsapi.com/world-cup/matches/panama-vs-england-2026-06-27,,TheStatsAPI fixtures + ESPN scoreboard
68,2026-06-27,2026-06-27T21:00:00Z,2026-06-27T21:00:00Z,2026-06-28T05:00+08:00,group-stage,小组赛,L,Croatia,Ghana,Lincoln Financial Field,philadelphia,Scheduled,pre,False,0,0,0,760480,https://www.espn.com/soccer/match/_/gameId/760480/ghana-croatia,https://www.espn.com/soccer/matchstats/_/gameId/760480,https://www.thestatsapi.com/world-cup/matches/croatia-vs-ghana-2026-06-27,,TheStatsAPI fixtures + ESPN scoreboard
69,2026-06-27,2026-06-28T02:00:00Z,2026-06-28T02:00:00Z,2026-06-28T10:00+08:00,group-stage,小组赛,J,Algeria,Austria,Arrowhead Stadium,kansas-city,Scheduled,pre,False,0,0,0,760484,https://www.espn.com/soccer/match/_/gameId/760484/austria-algeria,https://www.espn.com/soccer/matchstats/_/gameId/760484,https://www.thestatsapi.com/world-cup/matches/algeria-vs-austria-2026-06-27,,TheStatsAPI fixtures + ESPN scoreboard
70,2026-06-27,2026-06-28T02:00:00Z,2026-06-28T02:00:00Z,2026-06-28T10:00+08:00,group-stage,小组赛,J,Jordan,Argentina,AT&T Stadium,dallas,Scheduled,pre,False,0,0,0,760483,https://www.espn.com/soccer/match/_/gameId/760483/argentina-jordan,https://www.espn.com/soccer/matchstats/_/gameId/760483,https://www.thestatsapi.com/world-cup/matches/jordan-vs-argentina-2026-06-27,,TheStatsAPI fixtures + ESPN scoreboard
71,2026-06-27,2026-06-27T23:30:00Z,2026-06-27T23:30:00Z,2026-06-28T07:30+08:00,group-stage,小组赛,K,Colombia,Portugal,Hard Rock Stadium,miami,Scheduled,pre,False,0,0,0,760481,https://www.espn.com/soccer/match/_/gameId/760481/portugal-colombia,https://www.espn.com/soccer/matchstats/_/gameId/760481,https://www.thestatsapi.com/world-cup/matches/colombia-vs-portugal-2026-06-27,,TheStatsAPI fixtures + ESPN scoreboard
72,2026-06-27,2026-06-27T23:30:00Z,2026-06-27T23:30:00Z,2026-06-28T07:30+08:00,group-stage,小组赛,K,Congo DR,Uzbekistan,Mercedes-Benz Stadium,atlanta,Scheduled,pre,False,0,0,0,760482,https://www.espn.com/soccer/match/_/gameId/760482/uzbekistan-congo-dr,https://www.espn.com/soccer/matchstats/_/gameId/760482,https://www.thestatsapi.com/world-cup/matches/congo-dr-vs-uzbekistan-2026-06-27,,TheStatsAPI fixtures + ESPN scoreboard
73,2026-06-28,2026-06-28T19:00:00Z,2026-06-28T19:00:00Z,2026-06-29T03:00+08:00,round-of-32,32强,,Group A runners-up,Group B runners-up,SoFi Stadium,los-angeles,Scheduled,pre,False,,,,,,,https://www.thestatsapi.com/world-cup/matches/group-a-runners-up-vs-group-b-runners-up-2026-06-28,,TheStatsAPI fixtures + ESPN scoreboard
74,2026-06-29,2026-06-29T20:30:00Z,2026-06-29T20:30:00Z,2026-06-30T04:30+08:00,round-of-32,32强,,Group E winners,Group A/B/C/D/F third place,Gillette Stadium,boston,Scheduled,pre,False,,,,,,,https://www.thestatsapi.com/world-cup/matches/group-e-winners-vs-group-a-b-c-d-f-third-place-2026-06-29,,TheStatsAPI fixtures + ESPN scoreboard
75,2026-06-29,2026-06-30T01:00:00Z,2026-06-30T01:00:00Z,2026-06-30T09:00+08:00,round-of-32,32强,,Group F winners,Group C runners-up,Estadio BBVA,monterrey,Scheduled,pre,False,,,,,,,https://www.thestatsapi.com/world-cup/matches/group-f-winners-vs-group-c-runners-up-2026-06-29,,TheStatsAPI fixtures + ESPN scoreboard
76,2026-06-29,2026-06-29T17:00:00Z,2026-06-29T17:00:00Z,2026-06-30T01:00+08:00,round-of-32,32强,,Group C winners,Group F runners-up,NRG Stadium,houston,Scheduled,pre,False,,,,,,,https://www.thestatsapi.com/world-cup/matches/group-c-winners-vs-group-f-runners-up-2026-06-29,,TheStatsAPI fixtures + ESPN scoreboard
77,2026-06-30,2026-06-30T21:00:00Z,2026-06-30T21:00:00Z,2026-07-01T05:00+08:00,round-of-32,32强,,Group I winners,Group C/D/F/G/H third place,MetLife Stadium,new-york,Scheduled,pre,False,,,,,,,https://www.thestatsapi.com/world-cup/matches/group-i-winners-vs-group-c-d-f-g-h-third-place-2026-06-30,,TheStatsAPI fixtures + ESPN scoreboard
78,2026-06-30,2026-06-30T17:00:00Z,2026-06-30T17:00:00Z,2026-07-01T01:00+08:00,round-of-32,32强,,Group E runners-up,Group I runners-up,AT&T Stadium,dallas,Scheduled,pre,False,,,,,,,https://www.thestatsapi.com/world-cup/matches/group-e-runners-up-vs-group-i-runners-up-2026-06-30,,TheStatsAPI fixtures + ESPN scoreboard
79,2026-06-30,2026-07-01T01:00:00Z,2026-07-01T01:00:00Z,2026-07-01T09:00+08:00,round-of-32,32强,,Group A winners,Group C/E/F/H/I third place,Estadio Azteca,mexico-city,Scheduled,pre,False,,,,,,,https://www.thestatsapi.com/world-cup/matches/group-a-winners-vs-group-c-e-f-h-i-third-place-2026-06-30,,TheStatsAPI fixtures + ESPN scoreboard
80,2026-07-01,2026-07-01T16:00:00Z,2026-07-01T16:00:00Z,2026-07-02T00:00+08:00,round-of-32,32强,,Group L winners,Group E/H/I/J/K third place,Mercedes-Benz Stadium,atlanta,Scheduled,pre,False,,,,,,,https://www.thestatsapi.com/world-cup/matches/group-l-winners-vs-group-e-h-i-j-k-third-place-2026-07-01,,TheStatsAPI fixtures + ESPN scoreboard
81,2026-07-01,2026-07-02T00:00:00Z,2026-07-02T00:00:00Z,2026-07-02T08:00+08:00,round-of-32,32强,,Group D winners,Group B/E/F/I/J third place,Levi's Stadium,san-francisco,Scheduled,pre,False,,,,,,,https://www.thestatsapi.com/world-cup/matches/group-d-winners-vs-group-b-e-f-i-j-third-place-2026-07-01,,TheStatsAPI fixtures + ESPN scoreboard
82,2026-07-01,2026-07-01T20:00:00Z,2026-07-01T20:00:00Z,2026-07-02T04:00+08:00,round-of-32,32强,,Group G winners,Group A/E/H/I/J third place,Lumen Field,seattle,Scheduled,pre,False,,,,,,,https://www.thestatsapi.com/world-cup/matches/group-g-winners-vs-group-a-e-h-i-j-third-place-2026-07-01,,TheStatsAPI fixtures + ESPN scoreboard
83,2026-07-02,2026-07-02T23:00:00Z,2026-07-02T23:00:00Z,2026-07-03T07:00+08:00,round-of-32,32强,,Group K runners-up,Group L runners-up,BMO Field,toronto,Scheduled,pre,False,,,,,,,https://www.thestatsapi.com/world-cup/matches/group-k-runners-up-vs-group-l-runners-up-2026-07-02,,TheStatsAPI fixtures + ESPN scoreboard
84,2026-07-02,2026-07-02T19:00:00Z,2026-07-02T19:00:00Z,2026-07-03T03:00+08:00,round-of-32,32强,,Group H winners,Group J runners-up,SoFi Stadium,los-angeles,Scheduled,pre,False,,,,,,,https://www.thestatsapi.com/world-cup/matches/group-h-winners-vs-group-j-runners-up-2026-07-02,,TheStatsAPI fixtures + ESPN scoreboard
85,2026-07-02,2026-07-03T03:00:00Z,2026-07-03T03:00:00Z,2026-07-03T11:00+08:00,round-of-32,32强,,Group B winners,Group E/F/G/I/J third place,BC Place,vancouver,Scheduled,pre,False,,,,,,,https://www.thestatsapi.com/world-cup/matches/group-b-winners-vs-group-e-f-g-i-j-third-place-2026-07-02,,TheStatsAPI fixtures + ESPN scoreboard
86,2026-07-03,2026-07-03T22:00:00Z,2026-07-03T22:00:00Z,2026-07-04T06:00+08:00,round-of-32,32强,,Group J winners,Group H runners-up,Hard Rock Stadium,miami,Scheduled,pre,False,,,,,,,https://www.thestatsapi.com/world-cup/matches/group-j-winners-vs-group-h-runners-up-2026-07-03,,TheStatsAPI fixtures + ESPN scoreboard
87,2026-07-03,2026-07-04T01:30:00Z,2026-07-04T01:30:00Z,2026-07-04T09:30+08:00,round-of-32,32强,,Group K winners,Group D/E/I/J/L third place,Arrowhead Stadium,kansas-city,Scheduled,pre,False,,,,,,,https://www.thestatsapi.com/world-cup/matches/group-k-winners-vs-group-d-e-i-j-l-third-place-2026-07-03,,TheStatsAPI fixtures + ESPN scoreboard
88,2026-07-03,2026-07-03T18:00:00Z,2026-07-03T18:00:00Z,2026-07-04T02:00+08:00,round-of-32,32强,,Group D runners-up,Group G runners-up,AT&T Stadium,dallas,Scheduled,pre,False,,,,,,,https://www.thestatsapi.com/world-cup/matches/group-d-runners-up-vs-group-g-runners-up-2026-07-03,,TheStatsAPI fixtures + ESPN scoreboard
89,2026-07-04,2026-07-04T21:00:00Z,2026-07-04T21:00:00Z,2026-07-05T05:00+08:00,round-of-16,16强,,Winner Match 74,Winner Match 77,Lincoln Financial Field,philadelphia,Scheduled,pre,False,,,,,,,https://www.thestatsapi.com/world-cup/matches/winner-match-74-vs-winner-match-77-2026-07-04,,TheStatsAPI fixtures + ESPN scoreboard
90,2026-07-04,2026-07-04T17:00:00Z,2026-07-04T17:00:00Z,2026-07-05T01:00+08:00,round-of-16,16强,,Winner Match 73,Winner Match 75,NRG Stadium,houston,Scheduled,pre,False,,,,,,,https://www.thestatsapi.com/world-cup/matches/winner-match-73-vs-winner-match-75-2026-07-04,,TheStatsAPI fixtures + ESPN scoreboard
91,2026-07-05,2026-07-05T20:00:00Z,2026-07-05T20:00:00Z,2026-07-06T04:00+08:00,round-of-16,16强,,Winner Match 76,Winner Match 78,MetLife Stadium,new-york,Scheduled,pre,False,,,,,,,https://www.thestatsapi.com/world-cup/matches/winner-match-76-vs-winner-match-78-2026-07-05,,TheStatsAPI fixtures + ESPN scoreboard
92,2026-07-05,2026-07-06T00:00:00Z,2026-07-06T00:00:00Z,2026-07-06T08:00+08:00,round-of-16,16强,,Winner Match 79,Winner Match 80,Estadio Azteca,mexico-city,Scheduled,pre,False,,,,,,,https://www.thestatsapi.com/world-cup/matches/winner-match-79-vs-winner-match-80-2026-07-05,,TheStatsAPI fixtures + ESPN scoreboard
93,2026-07-06,2026-07-06T19:00:00Z,2026-07-06T19:00:00Z,2026-07-07T03:00+08:00,round-of-16,16强,,Winner Match 83,Winner Match 84,AT&T Stadium,dallas,Scheduled,pre,False,,,,,,,https://www.thestatsapi.com/world-cup/matches/winner-match-83-vs-winner-match-84-2026-07-06,,TheStatsAPI fixtures + ESPN scoreboard
94,2026-07-06,2026-07-07T00:00:00Z,2026-07-07T00:00:00Z,2026-07-07T08:00+08:00,round-of-16,16强,,Winner Match 81,Winner Match 82,Lumen Field,seattle,Scheduled,pre,False,,,,,,,https://www.thestatsapi.com/world-cup/matches/winner-match-81-vs-winner-match-82-2026-07-06,,TheStatsAPI fixtures + ESPN scoreboard
95,2026-07-07,2026-07-07T16:00:00Z,2026-07-07T16:00:00Z,2026-07-08T00:00+08:00,round-of-16,16强,,Winner Match 86,Winner Match 88,Mercedes-Benz Stadium,atlanta,Scheduled,pre,False,,,,,,,https://www.thestatsapi.com/world-cup/matches/winner-match-86-vs-winner-match-88-2026-07-07,,TheStatsAPI fixtures + ESPN scoreboard
96,2026-07-07,2026-07-07T20:00:00Z,2026-07-07T20:00:00Z,2026-07-08T04:00+08:00,round-of-16,16强,,Winner Match 85,Winner Match 87,BC Place,vancouver,Scheduled,pre,False,,,,,,,https://www.thestatsapi.com/world-cup/matches/winner-match-85-vs-winner-match-87-2026-07-07,,TheStatsAPI fixtures + ESPN scoreboard
97,2026-07-09,2026-07-09T20:00:00Z,2026-07-09T20:00:00Z,2026-07-10T04:00+08:00,quarter-finals,四分之一决赛,,Winner Match 89,Winner Match 90,Gillette Stadium,boston,Scheduled,pre,False,,,,,,,https://www.thestatsapi.com/world-cup/matches/winner-match-89-vs-winner-match-90-2026-07-09,,TheStatsAPI fixtures + ESPN scoreboard
98,2026-07-10,2026-07-10T19:00:00Z,2026-07-10T19:00:00Z,2026-07-11T03:00+08:00,quarter-finals,四分之一决赛,,Winner Match 93,Winner Match 94,SoFi Stadium,los-angeles,Scheduled,pre,False,,,,,,,https://www.thestatsapi.com/world-cup/matches/winner-match-93-vs-winner-match-94-2026-07-10,,TheStatsAPI fixtures + ESPN scoreboard
99,2026-07-11,2026-07-11T21:00:00Z,2026-07-11T21:00:00Z,2026-07-12T05:00+08:00,quarter-finals,四分之一决赛,,Winner Match 91,Winner Match 92,Hard Rock Stadium,miami,Scheduled,pre,False,,,,,,,https://www.thestatsapi.com/world-cup/matches/winner-match-91-vs-winner-match-92-2026-07-11,,TheStatsAPI fixtures + ESPN scoreboard
100,2026-07-11,2026-07-12T01:00:00Z,2026-07-12T01:00:00Z,2026-07-12T09:00+08:00,quarter-finals,四分之一决赛,,Winner Match 95,Winner Match 96,Arrowhead Stadium,kansas-city,Scheduled,pre,False,,,,,,,https://www.thestatsapi.com/world-cup/matches/winner-match-95-vs-winner-match-96-2026-07-11,,TheStatsAPI fixtures + ESPN scoreboard
101,2026-07-14,2026-07-14T19:00:00Z,2026-07-14T19:00:00Z,2026-07-15T03:00+08:00,semi-finals,半决赛,,Winner Match 97,Winner Match 98,AT&T Stadium,dallas,Scheduled,pre,False,,,,,,,https://www.thestatsapi.com/world-cup/matches/winner-match-97-vs-winner-match-98-2026-07-14,,TheStatsAPI fixtures + ESPN scoreboard
102,2026-07-15,2026-07-15T19:00:00Z,2026-07-15T19:00:00Z,2026-07-16T03:00+08:00,semi-finals,半决赛,,Winner Match 99,Winner Match 100,Mercedes-Benz Stadium,atlanta,Scheduled,pre,False,,,,,,,https://www.thestatsapi.com/world-cup/matches/winner-match-99-vs-winner-match-100-2026-07-15,,TheStatsAPI fixtures + ESPN scoreboard
103,2026-07-18,2026-07-18T21:00:00Z,2026-07-18T21:00:00Z,2026-07-19T05:00+08:00,third-place,三四名决赛,,Loser Match 101,Loser Match 102,Hard Rock Stadium,miami,Scheduled,pre,False,,,,,,,https://www.thestatsapi.com/world-cup/matches/loser-match-101-vs-loser-match-102-2026-07-18,,TheStatsAPI fixtures + ESPN scoreboard
104,2026-07-19,2026-07-19T19:00:00Z,2026-07-19T19:00:00Z,2026-07-20T03:00+08:00,final,决赛,,Winner Match 101,Winner Match 102,MetLife Stadium,new-york,Scheduled,pre,False,,,,,,,https://www.thestatsapi.com/world-cup/matches/winner-match-101-vs-winner-match-102-2026-07-19,,TheStatsAPI fixtures + ESPN scoreboard
