match_number,home_team,away_team,lean_score,lean_label,confidence,home_rating,away_rating,home_win_probability,draw_probability,away_win_probability,model_summary,environment_note,pre_match_status,pre_match_updated_at,evidence_summary,pre_match_sources,factor_breakdown
1,Mexico,South Africa,23,倾向 Mexico,低,76,65,49,30,21,静态硬实力 76:65；实时天气待补充；暂无已核实首发、伤停或赔率证据。三结果概率为 49% / 30% / 21%。,实时天气待补充,等待赛前资料,,暂无已核实首发、伤停或赔率证据,[],"[{""factor"": ""硬实力差"", ""value"": 15.9}, {""factor"": ""主场/海拔"", ""value"": 7}, {""factor"": ""实时天气适应"", ""value"": 0}, {""factor"": ""已核实临场信息"", ""value"": 0}, {""factor"": ""平局修正"", ""value"": 4.0}]"
2,Korea Republic,Czechia,4,接近均势,低,74,71,37,30,33,静态硬实力 74:71；实时天气待补充；暂无已核实首发、伤停或赔率证据。三结果概率为 37% / 30% / 33%。,实时天气待补充,等待赛前资料,,暂无已核实首发、伤停或赔率证据,[],"[{""factor"": ""硬实力差"", ""value"": 4.3}, {""factor"": ""主场/海拔"", ""value"": 0}, {""factor"": ""实时天气适应"", ""value"": 0}, {""factor"": ""已核实临场信息"", ""value"": 0}, {""factor"": ""平局修正"", ""value"": 4.0}]"
3,Canada,Bosnia and Herzegovina,12,倾向 Canada,低,71,66,42,30,28,静态硬实力 71:66；实时天气待补充；暂无已核实首发、伤停或赔率证据。三结果概率为 42% / 30% / 28%。,实时天气待补充,等待赛前资料,,暂无已核实首发、伤停或赔率证据,[],"[{""factor"": ""硬实力差"", ""value"": 7.2}, {""factor"": ""主场/海拔"", ""value"": 5}, {""factor"": ""实时天气适应"", ""value"": 0}, {""factor"": ""已核实临场信息"", ""value"": 0}, {""factor"": ""平局修正"", ""value"": 4.0}]"
4,United States,Paraguay,15,倾向 United States,低,77,70,44,30,26,静态硬实力 77:70；实时天气待补充；暂无已核实首发、伤停或赔率证据。三结果概率为 44% / 30% / 26%。,实时天气待补充,等待赛前资料,,暂无已核实首发、伤停或赔率证据,[],"[{""factor"": ""硬实力差"", ""value"": 10.2}, {""factor"": ""主场/海拔"", ""value"": 5}, {""factor"": ""实时天气适应"", ""value"": 0}, {""factor"": ""已核实临场信息"", ""value"": 0}, {""factor"": ""平局修正"", ""value"": 4.0}]"
5,Haiti,Scotland,-17,倾向 Scotland,低,58,70,25,30,45,静态硬实力 58:70；实时天气待补充；暂无已核实首发、伤停或赔率证据。三结果概率为 25% / 30% / 45%。,实时天气待补充,等待赛前资料,,暂无已核实首发、伤停或赔率证据,[],"[{""factor"": ""硬实力差"", ""value"": -17.4}, {""factor"": ""主场/海拔"", ""value"": 0}, {""factor"": ""实时天气适应"", ""value"": 0}, {""factor"": ""已核实临场信息"", ""value"": 0}, {""factor"": ""平局修正"", ""value"": 4.0}]"
6,Australia,Turkiye,-1,接近均势,低,72,73,34,30,36,静态硬实力 72:73；实时天气待补充；暂无已核实首发、伤停或赔率证据。三结果概率为 34% / 30% / 36%。,实时天气待补充,等待赛前资料,,暂无已核实首发、伤停或赔率证据,[],"[{""factor"": ""硬实力差"", ""value"": -1.4}, {""factor"": ""主场/海拔"", ""value"": 0}, {""factor"": ""实时天气适应"", ""value"": 0}, {""factor"": ""已核实临场信息"", ""value"": 0}, {""factor"": ""平局修正"", ""value"": 4.0}]"
7,Brazil,Morocco,12,倾向 Brazil,低,89,81,42,30,28,静态硬实力 89:81；实时天气待补充；暂无已核实首发、伤停或赔率证据。三结果概率为 42% / 30% / 28%。,实时天气待补充,等待赛前资料,,暂无已核实首发、伤停或赔率证据,[],"[{""factor"": ""硬实力差"", ""value"": 11.6}, {""factor"": ""主场/海拔"", ""value"": 0}, {""factor"": ""实时天气适应"", ""value"": 0}, {""factor"": ""已核实临场信息"", ""value"": 0}, {""factor"": ""平局修正"", ""value"": 4.0}]"
8,Qatar,Switzerland,-20,倾向 Switzerland,低,64,78,23,30,47,静态硬实力 64:78；实时天气待补充；暂无已核实首发、伤停或赔率证据。三结果概率为 23% / 30% / 47%。,实时天气待补充,等待赛前资料,,暂无已核实首发、伤停或赔率证据,[],"[{""factor"": ""硬实力差"", ""value"": -20.3}, {""factor"": ""主场/海拔"", ""value"": 0}, {""factor"": ""实时天气适应"", ""value"": 0}, {""factor"": ""已核实临场信息"", ""value"": 0}, {""factor"": ""平局修正"", ""value"": 4.0}]"
9,Cote d'Ivoire,Ecuador,-1,接近均势,低,72,73,34,30,36,静态硬实力 72:73；实时天气待补充；暂无已核实首发、伤停或赔率证据。三结果概率为 34% / 30% / 36%。,实时天气待补充,等待赛前资料,,暂无已核实首发、伤停或赔率证据,[],"[{""factor"": ""硬实力差"", ""value"": -1.4}, {""factor"": ""主场/海拔"", ""value"": 0}, {""factor"": ""实时天气适应"", ""value"": 0}, {""factor"": ""已核实临场信息"", ""value"": 0}, {""factor"": ""平局修正"", ""value"": 4.0}]"
10,Germany,Curacao,41,倾向 Germany,中,87,59,57,30,13,静态硬实力 87:59；实时天气待补充；暂无已核实首发、伤停或赔率证据。三结果概率为 57% / 30% / 13%。,实时天气待补充,等待赛前资料,,暂无已核实首发、伤停或赔率证据,[],"[{""factor"": ""硬实力差"", ""value"": 40.6}, {""factor"": ""主场/海拔"", ""value"": 0}, {""factor"": ""实时天气适应"", ""value"": 0}, {""factor"": ""已核实临场信息"", ""value"": 0}, {""factor"": ""平局修正"", ""value"": 4.0}]"
11,Netherlands,Japan,13,倾向 Netherlands,低,86,77,43,30,27,静态硬实力 86:77；实时天气待补充；暂无已核实首发、伤停或赔率证据。三结果概率为 43% / 30% / 27%。,实时天气待补充,等待赛前资料,,暂无已核实首发、伤停或赔率证据,[],"[{""factor"": ""硬实力差"", ""value"": 13.0}, {""factor"": ""主场/海拔"", ""value"": 0}, {""factor"": ""实时天气适应"", ""value"": 0}, {""factor"": ""已核实临场信息"", ""value"": 0}, {""factor"": ""平局修正"", ""value"": 4.0}]"
12,Sweden,Tunisia,13,倾向 Sweden,低,75,66,43,30,27,静态硬实力 75:66；实时天气待补充；暂无已核实首发、伤停或赔率证据。三结果概率为 43% / 30% / 27%。,实时天气待补充,等待赛前资料,,暂无已核实首发、伤停或赔率证据,[],"[{""factor"": ""硬实力差"", ""value"": 13.0}, {""factor"": ""主场/海拔"", ""value"": 0}, {""factor"": ""实时天气适应"", ""value"": 0}, {""factor"": ""已核实临场信息"", ""value"": 0}, {""factor"": ""平局修正"", ""value"": 4.0}]"
13,Saudi Arabia,Uruguay,-22,倾向 Uruguay,低,68,83,22,30,48,静态硬实力 68:83；实时天气待补充；暂无已核实首发、伤停或赔率证据。三结果概率为 22% / 30% / 48%。,实时天气待补充,等待赛前资料,,暂无已核实首发、伤停或赔率证据,[],"[{""factor"": ""硬实力差"", ""value"": -21.8}, {""factor"": ""主场/海拔"", ""value"": 0}, {""factor"": ""实时天气适应"", ""value"": 0}, {""factor"": ""已核实临场信息"", ""value"": 0}, {""factor"": ""平局修正"", ""value"": 4.0}]"
14,Spain,Cabo Verde,44,倾向 Spain,中,91,61,58,30,12,静态硬实力 91:61；实时天气待补充；暂无已核实首发、伤停或赔率证据。三结果概率为 58% / 30% / 12%。,实时天气待补充,等待赛前资料,,暂无已核实首发、伤停或赔率证据,[],"[{""factor"": ""硬实力差"", ""value"": 43.5}, {""factor"": ""主场/海拔"", ""value"": 0}, {""factor"": ""实时天气适应"", ""value"": 0}, {""factor"": ""已核实临场信息"", ""value"": 0}, {""factor"": ""平局修正"", ""value"": 4.0}]"
15,IR Iran,New Zealand,13,倾向 IR Iran,低,69,60,43,30,27,静态硬实力 69:60；实时天气待补充；暂无已核实首发、伤停或赔率证据。三结果概率为 43% / 30% / 27%。,实时天气待补充,等待赛前资料,,暂无已核实首发、伤停或赔率证据,[],"[{""factor"": ""硬实力差"", ""value"": 13.0}, {""factor"": ""主场/海拔"", ""value"": 0}, {""factor"": ""实时天气适应"", ""value"": 0}, {""factor"": ""已核实临场信息"", ""value"": 0}, {""factor"": ""平局修正"", ""value"": 4.0}]"
16,Belgium,Egypt,23,倾向 Belgium,低,84,68,49,30,21,静态硬实力 84:68；实时天气待补充；暂无已核实首发、伤停或赔率证据。三结果概率为 49% / 30% / 21%。,实时天气待补充,等待赛前资料,,暂无已核实首发、伤停或赔率证据,[],"[{""factor"": ""硬实力差"", ""value"": 23.2}, {""factor"": ""主场/海拔"", ""value"": 0}, {""factor"": ""实时天气适应"", ""value"": 0}, {""factor"": ""已核实临场信息"", ""value"": 0}, {""factor"": ""平局修正"", ""value"": 4.0}]"
17,France,Senegal,28,倾向 France,中,93,74,51,30,19,静态硬实力 93:74；实时天气待补充；暂无已核实首发、伤停或赔率证据。三结果概率为 51% / 30% / 19%。,实时天气待补充,等待赛前资料,,暂无已核实首发、伤停或赔率证据,[],"[{""factor"": ""硬实力差"", ""value"": 27.6}, {""factor"": ""主场/海拔"", ""value"": 0}, {""factor"": ""实时天气适应"", ""value"": 0}, {""factor"": ""已核实临场信息"", ""value"": 0}, {""factor"": ""平局修正"", ""value"": 4.0}]"
18,Iraq,Norway,-19,倾向 Norway,低,62,75,24,30,46,静态硬实力 62:75；实时天气待补充；暂无已核实首发、伤停或赔率证据。三结果概率为 24% / 30% / 46%。,实时天气待补充,等待赛前资料,,暂无已核实首发、伤停或赔率证据,[],"[{""factor"": ""硬实力差"", ""value"": -18.8}, {""factor"": ""主场/海拔"", ""value"": 0}, {""factor"": ""实时天气适应"", ""value"": 0}, {""factor"": ""已核实临场信息"", ""value"": 0}, {""factor"": ""平局修正"", ""value"": 4.0}]"
19,Argentina,Algeria,39,倾向 Argentina,中,94,67,56,30,14,静态硬实力 94:67；实时天气待补充；暂无已核实首发、伤停或赔率证据。三结果概率为 56% / 30% / 14%。,实时天气待补充,等待赛前资料,,暂无已核实首发、伤停或赔率证据,[],"[{""factor"": ""硬实力差"", ""value"": 39.1}, {""factor"": ""主场/海拔"", ""value"": 0}, {""factor"": ""实时天气适应"", ""value"": 0}, {""factor"": ""已核实临场信息"", ""value"": 0}, {""factor"": ""平局修正"", ""value"": 4.0}]"
20,Austria,Jordan,23,倾向 Austria,低,76,60,49,30,21,静态硬实力 76:60；实时天气待补充；暂无已核实首发、伤停或赔率证据。三结果概率为 49% / 30% / 21%。,实时天气待补充,等待赛前资料,,暂无已核实首发、伤停或赔率证据,[],"[{""factor"": ""硬实力差"", ""value"": 23.2}, {""factor"": ""主场/海拔"", ""value"": 0}, {""factor"": ""实时天气适应"", ""value"": 0}, {""factor"": ""已核实临场信息"", ""value"": 0}, {""factor"": ""平局修正"", ""value"": 4.0}]"
21,Ghana,Panama,7,接近均势,低,67,62,39,30,31,静态硬实力 67:62；实时天气待补充；暂无已核实首发、伤停或赔率证据。三结果概率为 39% / 30% / 31%。,实时天气待补充,等待赛前资料,,暂无已核实首发、伤停或赔率证据,[],"[{""factor"": ""硬实力差"", ""value"": 7.2}, {""factor"": ""主场/海拔"", ""value"": 0}, {""factor"": ""实时天气适应"", ""value"": 0}, {""factor"": ""已核实临场信息"", ""value"": 0}, {""factor"": ""平局修正"", ""value"": 4.0}]"
22,England,Croatia,12,倾向 England,低,90,82,42,30,28,静态硬实力 90:82；实时天气待补充；暂无已核实首发、伤停或赔率证据。三结果概率为 42% / 30% / 28%。,实时天气待补充,等待赛前资料,,暂无已核实首发、伤停或赔率证据,[],"[{""factor"": ""硬实力差"", ""value"": 11.6}, {""factor"": ""主场/海拔"", ""value"": 0}, {""factor"": ""实时天气适应"", ""value"": 0}, {""factor"": ""已核实临场信息"", ""value"": 0}, {""factor"": ""平局修正"", ""value"": 4.0}]"
23,Portugal,Congo DR,35,倾向 Portugal,中,88,64,54,30,16,静态硬实力 88:64；实时天气待补充；暂无已核实首发、伤停或赔率证据。三结果概率为 54% / 30% / 16%。,实时天气待补充,等待赛前资料,,暂无已核实首发、伤停或赔率证据,[],"[{""factor"": ""硬实力差"", ""value"": 34.8}, {""factor"": ""主场/海拔"", ""value"": 0}, {""factor"": ""实时天气适应"", ""value"": 0}, {""factor"": ""已核实临场信息"", ""value"": 0}, {""factor"": ""平局修正"", ""value"": 4.0}]"
24,Uzbekistan,Colombia,-27,倾向 Colombia,中,63,80,19,30,51,静态硬实力 63:80；实时天气待补充；暂无已核实首发、伤停或赔率证据。三结果概率为 19% / 30% / 51%。,实时天气待补充,等待赛前资料,,暂无已核实首发、伤停或赔率证据,[],"[{""factor"": ""硬实力差"", ""value"": -24.6}, {""factor"": ""主场/海拔"", ""value"": -2}, {""factor"": ""实时天气适应"", ""value"": 0}, {""factor"": ""已核实临场信息"", ""value"": 0}, {""factor"": ""平局修正"", ""value"": 4.0}]"
25,Czechia,South Africa,9,接近均势,低,71,65,43,26,31,静态硬实力 71:65；实时天气待补充；暂无已核实首发、伤停或赔率证据。三结果概率为 43% / 26% / 31%。,实时天气待补充,等待赛前资料,,暂无已核实首发、伤停或赔率证据,[],"[{""factor"": ""硬实力差"", ""value"": 8.7}, {""factor"": ""主场/海拔"", ""value"": 0}, {""factor"": ""实时天气适应"", ""value"": 0}, {""factor"": ""已核实临场信息"", ""value"": 0}, {""factor"": ""平局修正"", ""value"": 0.0}]"
26,Switzerland,Bosnia and Herzegovina,17,倾向 Switzerland,低,78,66,48,26,26,静态硬实力 78:66；实时天气待补充；暂无已核实首发、伤停或赔率证据。三结果概率为 48% / 26% / 26%。,实时天气待补充,等待赛前资料,,暂无已核实首发、伤停或赔率证据,[],"[{""factor"": ""硬实力差"", ""value"": 17.4}, {""factor"": ""主场/海拔"", ""value"": 0}, {""factor"": ""实时天气适应"", ""value"": 0}, {""factor"": ""已核实临场信息"", ""value"": 0}, {""factor"": ""平局修正"", ""value"": 0.0}]"
27,Canada,Qatar,15,倾向 Canada,低,71,64,47,26,27,静态硬实力 71:64；实时天气待补充；暂无已核实首发、伤停或赔率证据。三结果概率为 47% / 26% / 27%。,实时天气待补充,等待赛前资料,,暂无已核实首发、伤停或赔率证据,[],"[{""factor"": ""硬实力差"", ""value"": 10.2}, {""factor"": ""主场/海拔"", ""value"": 5}, {""factor"": ""实时天气适应"", ""value"": 0}, {""factor"": ""已核实临场信息"", ""value"": 0}, {""factor"": ""平局修正"", ""value"": 0.0}]"
28,Mexico,Korea Republic,9,接近均势,低,76,74,43,26,31,静态硬实力 76:74；实时天气待补充；暂无已核实首发、伤停或赔率证据。三结果概率为 43% / 26% / 31%。,实时天气待补充,等待赛前资料,,暂无已核实首发、伤停或赔率证据,[],"[{""factor"": ""硬实力差"", ""value"": 2.9}, {""factor"": ""主场/海拔"", ""value"": 6}, {""factor"": ""实时天气适应"", ""value"": 0}, {""factor"": ""已核实临场信息"", ""value"": 0}, {""factor"": ""平局修正"", ""value"": 0.0}]"
29,Brazil,Haiti,45,倾向 Brazil,高,89,58,62,26,12,静态硬实力 89:58；25C / 湿度36%（Open-Meteo forecast）；暂无已核实首发、伤停或赔率证据。三结果概率为 62% / 26% / 12%。,25C / 湿度36%（Open-Meteo forecast）,等待赛前资料,2026-06-19T22:12:50+00:00,暂无已核实首发、伤停或赔率证据,"[{""name"": ""FIFA Match Center"", ""url"": ""https://www.fifa.com/en/tournaments/mens/worldcup/canadamexicousa2026/match-center"", ""status"": ""官方页面可能要求浏览器验证，保留人工核验入口""}, {""name"": ""ESPN"", ""url"": ""https://www.espn.com/soccer/match/_/gameId/760444/haiti-brazil"", ""status"": ""赛程与赛果""}, {""name"": ""直播吧"", ""url"": ""https://www.zhibo8.cc/zhibo/zuqiu/2026/match1869150v.htm"", ""status"": ""赛前资料核验""}]","[{""factor"": ""硬实力差"", ""value"": 44.9}, {""factor"": ""主场/海拔"", ""value"": 0}, {""factor"": ""实时天气适应"", ""value"": -0.0}, {""factor"": ""已核实临场信息"", ""value"": 0}, {""factor"": ""平局修正"", ""value"": 0.0}]"
30,Scotland,Morocco,-16,倾向 Morocco,低,70,81,27,26,47,静态硬实力 70:81；25C / 湿度38%（Open-Meteo forecast）；暂无已核实首发、伤停或赔率证据。三结果概率为 27% / 26% / 47%。,25C / 湿度38%（Open-Meteo forecast）,等待赛前资料,2026-06-19T18:35:51+00:00,暂无已核实首发、伤停或赔率证据,"[{""name"": ""FIFA Match Center"", ""url"": ""https://www.fifa.com/en/tournaments/mens/worldcup/canadamexicousa2026/match-center"", ""status"": ""官方页面可能要求浏览器验证，保留人工核验入口""}, {""name"": ""ESPN"", ""url"": ""https://www.espn.com/soccer/match/_/gameId/760445/morocco-scotland"", ""status"": ""赛程与赛果""}, {""name"": ""直播吧"", ""url"": ""https://www.zhibo8.cc/zhibo/zuqiu/2026/match1869151v.htm"", ""status"": ""赛前资料核验""}]","[{""factor"": ""硬实力差"", ""value"": -15.9}, {""factor"": ""主场/海拔"", ""value"": 0}, {""factor"": ""实时天气适应"", ""value"": -0.0}, {""factor"": ""已核实临场信息"", ""value"": 0}, {""factor"": ""平局修正"", ""value"": 0.0}]"
31,Turkiye,Paraguay,4,接近均势,低,73,70,40,26,34,静态硬实力 73:70；16C / 湿度86%（Open-Meteo forecast）；暂无已核实首发、伤停或赔率证据。三结果概率为 40% / 26% / 34%。,16C / 湿度86%（Open-Meteo forecast）,等待赛前资料,2026-06-19T22:12:50+00:00,暂无已核实首发、伤停或赔率证据,"[{""name"": ""FIFA Match Center"", ""url"": ""https://www.fifa.com/en/tournaments/mens/worldcup/canadamexicousa2026/match-center"", ""status"": ""官方页面可能要求浏览器验证，保留人工核验入口""}, {""name"": ""ESPN"", ""url"": ""https://www.espn.com/soccer/match/_/gameId/760443/paraguay-turkiye"", ""status"": ""赛程与赛果""}, {""name"": ""直播吧"", ""url"": ""https://www.zhibo8.cc/zhibo/zuqiu/2026/match1869155v.htm"", ""status"": ""赛前资料核验""}]","[{""factor"": ""硬实力差"", ""value"": 4.3}, {""factor"": ""主场/海拔"", ""value"": 0}, {""factor"": ""实时天气适应"", ""value"": -0.0}, {""factor"": ""已核实临场信息"", ""value"": 0}, {""factor"": ""平局修正"", ""value"": 0.0}]"
32,United States,Australia,12,倾向 United States,低,77,72,45,26,29,静态硬实力 77:72；23C / 湿度54%（Open-Meteo forecast）；暂无已核实首发、伤停或赔率证据。三结果概率为 45% / 26% / 29%。,23C / 湿度54%（Open-Meteo forecast）,等待赛前资料,2026-06-19T18:35:51+00:00,暂无已核实首发、伤停或赔率证据,"[{""name"": ""FIFA Match Center"", ""url"": ""https://www.fifa.com/en/tournaments/mens/worldcup/canadamexicousa2026/match-center"", ""status"": ""官方页面可能要求浏览器验证，保留人工核验入口""}, {""name"": ""ESPN"", ""url"": ""https://www.espn.com/soccer/match/_/gameId/760442/australia-united-states"", ""status"": ""赛程与赛果""}, {""name"": ""直播吧"", ""url"": ""https://www.zhibo8.cc/zhibo/zuqiu/2026/match1867426v.htm"", ""status"": ""赛前资料核验""}]","[{""factor"": ""硬实力差"", ""value"": 7.2}, {""factor"": ""主场/海拔"", ""value"": 5}, {""factor"": ""实时天气适应"", ""value"": -0.0}, {""factor"": ""已核实临场信息"", ""value"": 0}, {""factor"": ""平局修正"", ""value"": 0.0}]"
33,Germany,Cote d'Ivoire,22,倾向 Germany,低,87,72,51,26,23,静态硬实力 87:72；24C / 湿度39%（Open-Meteo forecast）；暂无已核实首发、伤停或赔率证据。三结果概率为 51% / 26% / 23%。,24C / 湿度39%（Open-Meteo forecast）,等待赛前资料,2026-06-20T17:59:14+00:00,暂无已核实首发、伤停或赔率证据,"[{""name"": ""FIFA Match Center"", ""url"": ""https://www.fifa.com/en/tournaments/mens/worldcup/canadamexicousa2026/match-center"", ""status"": ""官方页面可能要求浏览器验证，保留人工核验入口""}, {""name"": ""ESPN"", ""url"": ""https://www.espn.com/soccer/match/_/gameId/760448/ivory-coast-germany"", ""status"": ""赛程与赛果""}, {""name"": ""直播吧"", ""url"": ""https://www.zhibo8.cc/zhibo/zuqiu/2026/match1869160v.htm"", ""status"": ""赛前资料核验""}]","[{""factor"": ""硬实力差"", ""value"": 21.8}, {""factor"": ""主场/海拔"", ""value"": 0}, {""factor"": ""实时天气适应"", ""value"": -0.0}, {""factor"": ""已核实临场信息"", ""value"": 0}, {""factor"": ""平局修正"", ""value"": 0.0}]"
34,Ecuador,Curacao,20,倾向 Ecuador,低,73,59,48,29,23,静态硬实力 73:59；29C / 湿度49%（Open-Meteo forecast）；暂无已核实首发、伤停或赔率证据。三结果概率为 48% / 29% / 23%。,29C / 湿度49%（Open-Meteo forecast）,等待赛前资料,2026-06-20T21:57:22+00:00,暂无已核实首发、伤停或赔率证据,"[{""name"": ""FIFA Match Center"", ""url"": ""https://www.fifa.com/en/tournaments/mens/worldcup/canadamexicousa2026/match-center"", ""status"": ""官方页面可能要求浏览器验证，保留人工核验入口""}, {""name"": ""ESPN"", ""url"": ""https://www.espn.com/soccer/match/_/gameId/760446/curacao-ecuador"", ""status"": ""赛程与赛果""}, {""name"": ""直播吧"", ""url"": ""https://www.zhibo8.cc/zhibo/zuqiu/2026/match1869161v.htm"", ""status"": ""赛前资料核验""}]","[{""factor"": ""硬实力差"", ""value"": 20.3}, {""factor"": ""主场/海拔"", ""value"": 0}, {""factor"": ""实时天气适应"", ""value"": -0.3}, {""factor"": ""已核实临场信息"", ""value"": 0}, {""factor"": ""平局修正"", ""value"": 3.0}]"
35,Netherlands,Sweden,16,倾向 Netherlands,低,86,75,47,26,27,静态硬实力 86:75；27C / 湿度89%（Open-Meteo forecast）；暂无已核实首发、伤停或赔率证据。三结果概率为 47% / 26% / 27%。,27C / 湿度89%（Open-Meteo forecast）,等待赛前资料,2026-06-20T13:09:06+00:00,暂无已核实首发、伤停或赔率证据,"[{""name"": ""FIFA Match Center"", ""url"": ""https://www.fifa.com/en/tournaments/mens/worldcup/canadamexicousa2026/match-center"", ""status"": ""官方页面可能要求浏览器验证，保留人工核验入口""}, {""name"": ""ESPN"", ""url"": ""https://www.espn.com/soccer/match/_/gameId/760447/sweden-netherlands"", ""status"": ""赛程与赛果""}, {""name"": ""直播吧"", ""url"": ""https://www.zhibo8.cc/zhibo/zuqiu/2026/match1869167v.htm"", ""status"": ""赛前资料核验""}]","[{""factor"": ""硬实力差"", ""value"": 15.9}, {""factor"": ""主场/海拔"", ""value"": 0}, {""factor"": ""实时天气适应"", ""value"": 0.0}, {""factor"": ""已核实临场信息"", ""value"": 0}, {""factor"": ""平局修正"", ""value"": 0.0}]"
36,Tunisia,Japan,-16,倾向 Japan,低,66,77,27,26,47,静态硬实力 66:77；24C / 湿度88%（Open-Meteo forecast）；暂无已核实首发、伤停或赔率证据。三结果概率为 27% / 26% / 47%。,24C / 湿度88%（Open-Meteo forecast）,等待赛前资料,2026-06-20T21:57:22+00:00,暂无已核实首发、伤停或赔率证据,"[{""name"": ""FIFA Match Center"", ""url"": ""https://www.fifa.com/en/tournaments/mens/worldcup/canadamexicousa2026/match-center"", ""status"": ""官方页面可能要求浏览器验证，保留人工核验入口""}, {""name"": ""ESPN"", ""url"": ""https://www.espn.com/soccer/match/_/gameId/760449/japan-tunisia"", ""status"": ""赛程与赛果""}, {""name"": ""直播吧"", ""url"": ""https://www.zhibo8.cc/zhibo/zuqiu/2026/match1869168v.htm"", ""status"": ""赛前资料核验""}]","[{""factor"": ""硬实力差"", ""value"": -15.9}, {""factor"": ""主场/海拔"", ""value"": 0}, {""factor"": ""实时天气适应"", ""value"": 0.0}, {""factor"": ""已核实临场信息"", ""value"": 0}, {""factor"": ""平局修正"", ""value"": 0.0}]"
37,Uruguay,Cabo Verde,31,倾向 Uruguay,中,83,61,52,31,17,静态硬实力 83:61；32C / 湿度62%（Open-Meteo forecast）；暂无已核实首发、伤停或赔率证据。三结果概率为 52% / 31% / 17%。,32C / 湿度62%（Open-Meteo forecast）,等待赛前资料,2026-06-21T21:59:30+00:00,暂无已核实首发、伤停或赔率证据,"[{""name"": ""FIFA Match Center"", ""url"": ""https://www.fifa.com/en/tournaments/mens/worldcup/canadamexicousa2026/match-center"", ""status"": ""官方页面可能要求浏览器验证，保留人工核验入口""}, {""name"": ""ESPN"", ""url"": ""https://www.espn.com/soccer/match/_/gameId/760450/cape-verde-uruguay"", ""status"": ""赛程与赛果""}, {""name"": ""直播吧"", ""url"": ""https://www.zhibo8.cc/zhibo/zuqiu/2026/match1869180v.htm"", ""status"": ""赛前资料核验""}]","[{""factor"": ""硬实力差"", ""value"": 31.9}, {""factor"": ""主场/海拔"", ""value"": 0}, {""factor"": ""实时天气适应"", ""value"": -0.5}, {""factor"": ""已核实临场信息"", ""value"": 0}, {""factor"": ""平局修正"", ""value"": 5.0}]"
38,Spain,Saudi Arabia,33,倾向 Spain,中,91,68,57,26,17,静态硬实力 91:68；27C / 湿度66%（Open-Meteo forecast）；暂无已核实首发、伤停或赔率证据。三结果概率为 57% / 26% / 17%。,27C / 湿度66%（Open-Meteo forecast）,等待赛前资料,2026-06-21T10:54:50+00:00,暂无已核实首发、伤停或赔率证据,"[{""name"": ""FIFA Match Center"", ""url"": ""https://www.fifa.com/en/tournaments/mens/worldcup/canadamexicousa2026/match-center"", ""status"": ""官方页面可能要求浏览器验证，保留人工核验入口""}, {""name"": ""ESPN"", ""url"": ""https://www.espn.com/soccer/match/_/gameId/760453/saudi-arabia-spain"", ""status"": ""赛程与赛果""}, {""name"": ""直播吧"", ""url"": ""https://www.zhibo8.cc/zhibo/zuqiu/2026/match1869179v.htm"", ""status"": ""赛前资料核验""}]","[{""factor"": ""硬实力差"", ""value"": 33.4}, {""factor"": ""主场/海拔"", ""value"": 0}, {""factor"": ""实时天气适应"", ""value"": -0.0}, {""factor"": ""已核实临场信息"", ""value"": 0}, {""factor"": ""平局修正"", ""value"": 0.0}]"
39,Belgium,IR Iran,22,倾向 Belgium,低,84,69,51,26,23,静态硬实力 84:69；25C / 湿度53%（Open-Meteo forecast）；暂无已核实首发、伤停或赔率证据。三结果概率为 51% / 26% / 23%。,25C / 湿度53%（Open-Meteo forecast）,等待赛前资料,2026-06-21T16:56:50+00:00,暂无已核实首发、伤停或赔率证据,"[{""name"": ""FIFA Match Center"", ""url"": ""https://www.fifa.com/en/tournaments/mens/worldcup/canadamexicousa2026/match-center"", ""status"": ""官方页面可能要求浏览器验证，保留人工核验入口""}, {""name"": ""ESPN"", ""url"": ""https://www.espn.com/soccer/match/_/gameId/760451/iran-belgium"", ""status"": ""赛程与赛果""}, {""name"": ""直播吧"", ""url"": ""https://www.zhibo8.cc/zhibo/zuqiu/2026/match1869173v.htm"", ""status"": ""赛前资料核验""}]","[{""factor"": ""硬实力差"", ""value"": 21.8}, {""factor"": ""主场/海拔"", ""value"": 0}, {""factor"": ""实时天气适应"", ""value"": -0.0}, {""factor"": ""已核实临场信息"", ""value"": 0}, {""factor"": ""平局修正"", ""value"": 0.0}]"
40,New Zealand,Egypt,-12,倾向 Egypt,低,60,68,29,26,45,静态硬实力 60:68；22C / 湿度50%（Open-Meteo forecast）；暂无已核实首发、伤停或赔率证据。三结果概率为 29% / 26% / 45%。,22C / 湿度50%（Open-Meteo forecast）,等待赛前资料,2026-06-21T21:59:30+00:00,暂无已核实首发、伤停或赔率证据,"[{""name"": ""FIFA Match Center"", ""url"": ""https://www.fifa.com/en/tournaments/mens/worldcup/canadamexicousa2026/match-center"", ""status"": ""官方页面可能要求浏览器验证，保留人工核验入口""}, {""name"": ""ESPN"", ""url"": ""https://www.espn.com/soccer/match/_/gameId/760452/egypt-new-zealand"", ""status"": ""赛程与赛果""}, {""name"": ""直播吧"", ""url"": ""https://www.zhibo8.cc/zhibo/zuqiu/2026/match1869174v.htm"", ""status"": ""赛前资料核验""}]","[{""factor"": ""硬实力差"", ""value"": -11.6}, {""factor"": ""主场/海拔"", ""value"": 0}, {""factor"": ""实时天气适应"", ""value"": -0.0}, {""factor"": ""已核实临场信息"", ""value"": 0}, {""factor"": ""平局修正"", ""value"": 0.0}]"
41,Norway,Senegal,1,接近均势,低,75,74,38,26,36,静态硬实力 75:74；21C / 湿度94%（Open-Meteo forecast）；暂无已核实首发、伤停或赔率证据。三结果概率为 38% / 26% / 36%。,21C / 湿度94%（Open-Meteo forecast）,等待赛前资料,2026-06-22T22:27:09+00:00,暂无已核实首发、伤停或赔率证据,"[{""name"": ""FIFA Match Center"", ""url"": ""https://www.fifa.com/en/tournaments/mens/worldcup/canadamexicousa2026/match-center"", ""status"": ""官方页面可能要求浏览器验证，保留人工核验入口""}, {""name"": ""ESPN"", ""url"": ""https://www.espn.com/soccer/match/_/gameId/760454/senegal-norway"", ""status"": ""赛程与赛果""}, {""name"": ""直播吧"", ""url"": ""https://www.zhibo8.cc/zhibo/zuqiu/2026/match1869186v.htm"", ""status"": ""赛前资料核验""}]","[{""factor"": ""硬实力差"", ""value"": 1.4}, {""factor"": ""主场/海拔"", ""value"": 0}, {""factor"": ""实时天气适应"", ""value"": -0.0}, {""factor"": ""已核实临场信息"", ""value"": 0}, {""factor"": ""平局修正"", ""value"": 0.0}]"
42,France,Iraq,44,倾向 France,中,93,62,59,29,12,静态硬实力 93:62；31C / 湿度42%（Open-Meteo forecast）；暂无已核实首发、伤停或赔率证据。三结果概率为 59% / 29% / 12%。,31C / 湿度42%（Open-Meteo forecast）,等待赛前资料,2026-06-22T16:14:55+00:00,暂无已核实首发、伤停或赔率证据,"[{""name"": ""FIFA Match Center"", ""url"": ""https://www.fifa.com/en/tournaments/mens/worldcup/canadamexicousa2026/match-center"", ""status"": ""官方页面可能要求浏览器验证，保留人工核验入口""}, {""name"": ""ESPN"", ""url"": ""https://www.espn.com/soccer/match/_/gameId/760457/iraq-france"", ""status"": ""赛程与赛果""}, {""name"": ""直播吧"", ""url"": ""https://www.zhibo8.cc/zhibo/zuqiu/2026/match1869185v.htm"", ""status"": ""赛前资料核验""}]","[{""factor"": ""硬实力差"", ""value"": 44.9}, {""factor"": ""主场/海拔"", ""value"": 0}, {""factor"": ""实时天气适应"", ""value"": -0.9}, {""factor"": ""已核实临场信息"", ""value"": 0}, {""factor"": ""平局修正"", ""value"": 3.0}]"
43,Argentina,Austria,27,倾向 Argentina,中,94,76,50,31,19,静态硬实力 94:76；30C / 湿度73%（Open-Meteo forecast）；暂无已核实首发、伤停或赔率证据。三结果概率为 50% / 31% / 19%。,30C / 湿度73%（Open-Meteo forecast）,等待赛前资料,2026-06-22T16:14:55+00:00,暂无已核实首发、伤停或赔率证据,"[{""name"": ""FIFA Match Center"", ""url"": ""https://www.fifa.com/en/tournaments/mens/worldcup/canadamexicousa2026/match-center"", ""status"": ""官方页面可能要求浏览器验证，保留人工核验入口""}, {""name"": ""ESPN"", ""url"": ""https://www.espn.com/soccer/match/_/gameId/760456/austria-argentina"", ""status"": ""赛程与赛果""}, {""name"": ""直播吧"", ""url"": ""https://www.zhibo8.cc/zhibo/zuqiu/2026/match1869194v.htm"", ""status"": ""赛前资料核验""}]","[{""factor"": ""硬实力差"", ""value"": 26.1}, {""factor"": ""主场/海拔"", ""value"": 0}, {""factor"": ""实时天气适应"", ""value"": 1.0}, {""factor"": ""已核实临场信息"", ""value"": 0}, {""factor"": ""平局修正"", ""value"": 5.0}]"
44,Jordan,Algeria,-10,接近均势,低,60,67,30,26,44,静态硬实力 60:67；14C / 湿度94%（Open-Meteo forecast）；暂无已核实首发、伤停或赔率证据。三结果概率为 30% / 26% / 44%。,14C / 湿度94%（Open-Meteo forecast）,等待赛前资料,2026-06-22T22:27:09+00:00,暂无已核实首发、伤停或赔率证据,"[{""name"": ""FIFA Match Center"", ""url"": ""https://www.fifa.com/en/tournaments/mens/worldcup/canadamexicousa2026/match-center"", ""status"": ""官方页面可能要求浏览器验证，保留人工核验入口""}, {""name"": ""ESPN"", ""url"": ""https://www.espn.com/soccer/match/_/gameId/760455/algeria-jordan"", ""status"": ""赛程与赛果""}, {""name"": ""直播吧"", ""url"": ""https://www.zhibo8.cc/zhibo/zuqiu/2026/match1869195v.htm"", ""status"": ""赛前资料核验""}]","[{""factor"": ""硬实力差"", ""value"": -10.2}, {""factor"": ""主场/海拔"", ""value"": 0}, {""factor"": ""实时天气适应"", ""value"": 0.0}, {""factor"": ""已核实临场信息"", ""value"": 0}, {""factor"": ""平局修正"", ""value"": 0.0}]"
45,England,Ghana,33,倾向 England,中,90,67,57,26,17,静态硬实力 90:67；20C / 湿度87%（Open-Meteo forecast）；暂无已核实首发、伤停或赔率证据。三结果概率为 57% / 26% / 17%。,20C / 湿度87%（Open-Meteo forecast）,等待赛前资料,2026-06-23T17:30:11+00:00,暂无已核实首发、伤停或赔率证据,"[{""name"": ""FIFA Match Center"", ""url"": ""https://www.fifa.com/en/tournaments/mens/worldcup/canadamexicousa2026/match-center"", ""status"": ""官方页面可能要求浏览器验证，保留人工核验入口""}, {""name"": ""ESPN"", ""url"": ""https://www.espn.com/soccer/match/_/gameId/760458/ghana-england"", ""status"": ""赛程与赛果""}, {""name"": ""直播吧"", ""url"": ""https://www.zhibo8.cc/zhibo/zuqiu/2026/match1869206v.htm"", ""status"": ""赛前资料核验""}]","[{""factor"": ""硬实力差"", ""value"": 33.4}, {""factor"": ""主场/海拔"", ""value"": 0}, {""factor"": ""实时天气适应"", ""value"": -0.0}, {""factor"": ""已核实临场信息"", ""value"": 0}, {""factor"": ""平局修正"", ""value"": 0.0}]"
46,Panama,Croatia,-29,倾向 Croatia,中,62,82,19,26,55,静态硬实力 62:82；23C / 湿度47%（Open-Meteo forecast）；暂无已核实首发、伤停或赔率证据。三结果概率为 19% / 26% / 55%。,23C / 湿度47%（Open-Meteo forecast）,等待赛前资料,2026-06-23T22:05:57+00:00,暂无已核实首发、伤停或赔率证据,"[{""name"": ""FIFA Match Center"", ""url"": ""https://www.fifa.com/en/tournaments/mens/worldcup/canadamexicousa2026/match-center"", ""status"": ""官方页面可能要求浏览器验证，保留人工核验入口""}, {""name"": ""ESPN"", ""url"": ""https://www.espn.com/soccer/match/_/gameId/760460/croatia-panama"", ""status"": ""赛程与赛果""}, {""name"": ""直播吧"", ""url"": ""https://www.zhibo8.cc/zhibo/zuqiu/2026/match1869207v.htm"", ""status"": ""赛前资料核验""}]","[{""factor"": ""硬实力差"", ""value"": -29.0}, {""factor"": ""主场/海拔"", ""value"": 0}, {""factor"": ""实时天气适应"", ""value"": 0.0}, {""factor"": ""已核实临场信息"", ""value"": 0}, {""factor"": ""平局修正"", ""value"": 0.0}]"
47,Portugal,Uzbekistan,36,倾向 Portugal,中,88,63,54,31,15,静态硬实力 88:63；31C / 湿度61%（Open-Meteo forecast）；暂无已核实首发、伤停或赔率证据。三结果概率为 54% / 31% / 15%。,31C / 湿度61%（Open-Meteo forecast）,等待赛前资料,2026-06-23T10:48:15+00:00,暂无已核实首发、伤停或赔率证据,"[{""name"": ""FIFA Match Center"", ""url"": ""https://www.fifa.com/en/tournaments/mens/worldcup/canadamexicousa2026/match-center"", ""status"": ""官方页面可能要求浏览器验证，保留人工核验入口""}, {""name"": ""ESPN"", ""url"": ""https://www.espn.com/soccer/match/_/gameId/760461/uzbekistan-portugal"", ""status"": ""赛程与赛果""}, {""name"": ""直播吧"", ""url"": ""https://www.zhibo8.cc/zhibo/zuqiu/2026/match1869200v.htm"", ""status"": ""赛前资料核验""}]","[{""factor"": ""硬实力差"", ""value"": 36.2}, {""factor"": ""主场/海拔"", ""value"": 0}, {""factor"": ""实时天气适应"", ""value"": 0.0}, {""factor"": ""已核实临场信息"", ""value"": 0}, {""factor"": ""平局修正"", ""value"": 5.0}]"
48,Colombia,Congo DR,24,倾向 Colombia,低,80,64,52,26,22,静态硬实力 80:64；23C / 湿度68%（Open-Meteo forecast）；暂无已核实首发、伤停或赔率证据。三结果概率为 52% / 26% / 22%。,23C / 湿度68%（Open-Meteo forecast）,等待赛前资料,2026-06-23T22:05:57+00:00,暂无已核实首发、伤停或赔率证据,"[{""name"": ""FIFA Match Center"", ""url"": ""https://www.fifa.com/en/tournaments/mens/worldcup/canadamexicousa2026/match-center"", ""status"": ""官方页面可能要求浏览器验证，保留人工核验入口""}, {""name"": ""ESPN"", ""url"": ""https://www.espn.com/soccer/match/_/gameId/760459/congo-dr-colombia"", ""status"": ""赛程与赛果""}, {""name"": ""直播吧"", ""url"": ""https://www.zhibo8.cc/zhibo/zuqiu/2026/match1869201v.htm"", ""status"": ""赛前资料核验""}]","[{""factor"": ""硬实力差"", ""value"": 23.2}, {""factor"": ""主场/海拔"", ""value"": 1}, {""factor"": ""实时天气适应"", ""value"": -0.0}, {""factor"": ""已核实临场信息"", ""value"": 0}, {""factor"": ""平局修正"", ""value"": 0.0}]"
49,Scotland,Brazil,-30,倾向 Brazil,中,70,89,18,31,51,静态硬实力 70:89；31C / 湿度60%（Open-Meteo forecast）；暂无已核实首发、伤停或赔率证据。三结果概率为 18% / 31% / 51%。,31C / 湿度60%（Open-Meteo forecast）,等待赛前资料,2026-06-24T10:28:47+00:00,暂无已核实首发、伤停或赔率证据,"[{""name"": ""FIFA Match Center"", ""url"": ""https://www.fifa.com/en/tournaments/mens/worldcup/canadamexicousa2026/match-center"", ""status"": ""官方页面可能要求浏览器验证，保留人工核验入口""}, {""name"": ""ESPN"", ""url"": ""https://www.espn.com/soccer/match/_/gameId/760465/brazil-scotland"", ""status"": ""赛程与赛果""}, {""name"": ""直播吧"", ""url"": ""https://www.zhibo8.cc/zhibo/zuqiu/2026/match1869152v.htm"", ""status"": ""赛前资料核验""}]","[{""factor"": ""硬实力差"", ""value"": -27.6}, {""factor"": ""主场/海拔"", ""value"": 0}, {""factor"": ""实时天气适应"", ""value"": -2.0}, {""factor"": ""已核实临场信息"", ""value"": 0}, {""factor"": ""平局修正"", ""value"": 5.0}]"
50,Morocco,Haiti,33,倾向 Morocco,中,81,58,54,29,17,静态硬实力 81:58；31C / 湿度33%（Open-Meteo forecast）；暂无已核实首发、伤停或赔率证据。三结果概率为 54% / 29% / 17%。,31C / 湿度33%（Open-Meteo forecast）,等待赛前资料,2026-06-24T10:28:47+00:00,暂无已核实首发、伤停或赔率证据,"[{""name"": ""FIFA Match Center"", ""url"": ""https://www.fifa.com/en/tournaments/mens/worldcup/canadamexicousa2026/match-center"", ""status"": ""官方页面可能要求浏览器验证，保留人工核验入口""}, {""name"": ""ESPN"", ""url"": ""https://www.espn.com/soccer/match/_/gameId/760464/haiti-morocco"", ""status"": ""赛程与赛果""}, {""name"": ""直播吧"", ""url"": ""https://www.zhibo8.cc/zhibo/zuqiu/2026/match1869153v.htm"", ""status"": ""赛前资料核验""}]","[{""factor"": ""硬实力差"", ""value"": 33.4}, {""factor"": ""主场/海拔"", ""value"": 0}, {""factor"": ""实时天气适应"", ""value"": -0.3}, {""factor"": ""已核实临场信息"", ""value"": 0}, {""factor"": ""平局修正"", ""value"": 3.0}]"
51,Switzerland,Canada,5,接近均势,低,78,71,40,26,34,静态硬实力 78:71；26C / 湿度55%（Open-Meteo forecast）；暂无已核实首发、伤停或赔率证据。三结果概率为 40% / 26% / 34%。,26C / 湿度55%（Open-Meteo forecast）,等待赛前资料,2026-06-24T10:28:47+00:00,暂无已核实首发、伤停或赔率证据,"[{""name"": ""FIFA Match Center"", ""url"": ""https://www.fifa.com/en/tournaments/mens/worldcup/canadamexicousa2026/match-center"", ""status"": ""官方页面可能要求浏览器验证，保留人工核验入口""}, {""name"": ""ESPN"", ""url"": ""https://www.espn.com/soccer/match/_/gameId/760463/canada-switzerland"", ""status"": ""赛程与赛果""}, {""name"": ""直播吧"", ""url"": ""https://www.zhibo8.cc/zhibo/zuqiu/2026/match1867428v.htm"", ""status"": ""赛前资料核验""}]","[{""factor"": ""硬实力差"", ""value"": 10.2}, {""factor"": ""主场/海拔"", ""value"": -5}, {""factor"": ""实时天气适应"", ""value"": 0.0}, {""factor"": ""已核实临场信息"", ""value"": 0}, {""factor"": ""平局修正"", ""value"": 0.0}]"
52,Bosnia and Herzegovina,Qatar,3,接近均势,低,66,64,39,26,35,静态硬实力 66:64；27C / 湿度40%（Open-Meteo forecast）；暂无已核实首发、伤停或赔率证据。三结果概率为 39% / 26% / 35%。,27C / 湿度40%（Open-Meteo forecast）,等待赛前资料,2026-06-24T10:28:47+00:00,暂无已核实首发、伤停或赔率证据,"[{""name"": ""FIFA Match Center"", ""url"": ""https://www.fifa.com/en/tournaments/mens/worldcup/canadamexicousa2026/match-center"", ""status"": ""官方页面可能要求浏览器验证，保留人工核验入口""}, {""name"": ""ESPN"", ""url"": ""https://www.espn.com/soccer/match/_/gameId/760462/qatar-bosnia-herzegovina"", ""status"": ""赛程与赛果""}, {""name"": ""直播吧"", ""url"": ""https://www.zhibo8.cc/zhibo/zuqiu/2026/match1869147v.htm"", ""status"": ""赛前资料核验""}]","[{""factor"": ""硬实力差"", ""value"": 2.9}, {""factor"": ""主场/海拔"", ""value"": 0}, {""factor"": ""实时天气适应"", ""value"": -0.0}, {""factor"": ""已核实临场信息"", ""value"": 0}, {""factor"": ""平局修正"", ""value"": 0.0}]"
53,Czechia,Mexico,-14,倾向 Mexico,低,71,76,28,26,46,静态硬实力 71:76；实时天气待补充；暂无已核实首发、伤停或赔率证据。三结果概率为 28% / 26% / 46%。,实时天气待补充,等待赛前资料,,暂无已核实首发、伤停或赔率证据,[],"[{""factor"": ""硬实力差"", ""value"": -7.2}, {""factor"": ""主场/海拔"", ""value"": -7}, {""factor"": ""实时天气适应"", ""value"": 0}, {""factor"": ""已核实临场信息"", ""value"": 0}, {""factor"": ""平局修正"", ""value"": 0.0}]"
54,South Africa,Korea Republic,-13,倾向 Korea Republic,低,65,74,29,26,45,静态硬实力 65:74；实时天气待补充；暂无已核实首发、伤停或赔率证据。三结果概率为 29% / 26% / 45%。,实时天气待补充,等待赛前资料,,暂无已核实首发、伤停或赔率证据,[],"[{""factor"": ""硬实力差"", ""value"": -13.0}, {""factor"": ""主场/海拔"", ""value"": 0}, {""factor"": ""实时天气适应"", ""value"": 0}, {""factor"": ""已核实临场信息"", ""value"": 0}, {""factor"": ""平局修正"", ""value"": 0.0}]"
55,Curacao,Cote d'Ivoire,-19,倾向 Cote d'Ivoire,低,59,72,25,26,49,静态硬实力 59:72；实时天气待补充；暂无已核实首发、伤停或赔率证据。三结果概率为 25% / 26% / 49%。,实时天气待补充,等待赛前资料,,暂无已核实首发、伤停或赔率证据,[],"[{""factor"": ""硬实力差"", ""value"": -18.8}, {""factor"": ""主场/海拔"", ""value"": 0}, {""factor"": ""实时天气适应"", ""value"": 0}, {""factor"": ""已核实临场信息"", ""value"": 0}, {""factor"": ""平局修正"", ""value"": 0.0}]"
56,Ecuador,Germany,-20,倾向 Germany,低,73,87,24,26,50,静态硬实力 73:87；实时天气待补充；暂无已核实首发、伤停或赔率证据。三结果概率为 24% / 26% / 50%。,实时天气待补充,等待赛前资料,,暂无已核实首发、伤停或赔率证据,[],"[{""factor"": ""硬实力差"", ""value"": -20.3}, {""factor"": ""主场/海拔"", ""value"": 0}, {""factor"": ""实时天气适应"", ""value"": 0}, {""factor"": ""已核实临场信息"", ""value"": 0}, {""factor"": ""平局修正"", ""value"": 0.0}]"
57,Japan,Sweden,3,接近均势,低,77,75,39,26,35,静态硬实力 77:75；实时天气待补充；暂无已核实首发、伤停或赔率证据。三结果概率为 39% / 26% / 35%。,实时天气待补充,等待赛前资料,,暂无已核实首发、伤停或赔率证据,[],"[{""factor"": ""硬实力差"", ""value"": 2.9}, {""factor"": ""主场/海拔"", ""value"": 0}, {""factor"": ""实时天气适应"", ""value"": 0}, {""factor"": ""已核实临场信息"", ""value"": 0}, {""factor"": ""平局修正"", ""value"": 0.0}]"
58,Tunisia,Netherlands,-29,倾向 Netherlands,中,66,86,19,26,55,静态硬实力 66:86；实时天气待补充；暂无已核实首发、伤停或赔率证据。三结果概率为 19% / 26% / 55%。,实时天气待补充,等待赛前资料,,暂无已核实首发、伤停或赔率证据,[],"[{""factor"": ""硬实力差"", ""value"": -29.0}, {""factor"": ""主场/海拔"", ""value"": 0}, {""factor"": ""实时天气适应"", ""value"": 0}, {""factor"": ""已核实临场信息"", ""value"": 0}, {""factor"": ""平局修正"", ""value"": 0.0}]"
59,Turkiye,United States,-11,倾向 United States,低,73,77,30,26,44,静态硬实力 73:77；实时天气待补充；暂无已核实首发、伤停或赔率证据。三结果概率为 30% / 26% / 44%。,实时天气待补充,等待赛前资料,,暂无已核实首发、伤停或赔率证据,[],"[{""factor"": ""硬实力差"", ""value"": -5.8}, {""factor"": ""主场/海拔"", ""value"": -5}, {""factor"": ""实时天气适应"", ""value"": 0}, {""factor"": ""已核实临场信息"", ""value"": 0}, {""factor"": ""平局修正"", ""value"": 0.0}]"
60,Paraguay,Australia,-3,接近均势,低,70,72,35,26,39,静态硬实力 70:72；实时天气待补充；暂无已核实首发、伤停或赔率证据。三结果概率为 35% / 26% / 39%。,实时天气待补充,等待赛前资料,,暂无已核实首发、伤停或赔率证据,[],"[{""factor"": ""硬实力差"", ""value"": -2.9}, {""factor"": ""主场/海拔"", ""value"": 0}, {""factor"": ""实时天气适应"", ""value"": 0}, {""factor"": ""已核实临场信息"", ""value"": 0}, {""factor"": ""平局修正"", ""value"": 0.0}]"
61,Norway,France,-26,倾向 France,中,75,93,21,26,53,静态硬实力 75:93；实时天气待补充；暂无已核实首发、伤停或赔率证据。三结果概率为 21% / 26% / 53%。,实时天气待补充,等待赛前资料,,暂无已核实首发、伤停或赔率证据,[],"[{""factor"": ""硬实力差"", ""value"": -26.1}, {""factor"": ""主场/海拔"", ""value"": 0}, {""factor"": ""实时天气适应"", ""value"": 0}, {""factor"": ""已核实临场信息"", ""value"": 0}, {""factor"": ""平局修正"", ""value"": 0.0}]"
62,Senegal,Iraq,17,倾向 Senegal,低,74,62,48,26,26,静态硬实力 74:62；实时天气待补充；暂无已核实首发、伤停或赔率证据。三结果概率为 48% / 26% / 26%。,实时天气待补充,等待赛前资料,,暂无已核实首发、伤停或赔率证据,[],"[{""factor"": ""硬实力差"", ""value"": 17.4}, {""factor"": ""主场/海拔"", ""value"": 0}, {""factor"": ""实时天气适应"", ""value"": 0}, {""factor"": ""已核实临场信息"", ""value"": 0}, {""factor"": ""平局修正"", ""value"": 0.0}]"
63,Egypt,IR Iran,-1,接近均势,低,68,69,36,26,38,静态硬实力 68:69；实时天气待补充；暂无已核实首发、伤停或赔率证据。三结果概率为 36% / 26% / 38%。,实时天气待补充,等待赛前资料,,暂无已核实首发、伤停或赔率证据,[],"[{""factor"": ""硬实力差"", ""value"": -1.4}, {""factor"": ""主场/海拔"", ""value"": 0}, {""factor"": ""实时天气适应"", ""value"": 0}, {""factor"": ""已核实临场信息"", ""value"": 0}, {""factor"": ""平局修正"", ""value"": 0.0}]"
64,New Zealand,Belgium,-35,倾向 Belgium,中,60,84,16,26,58,静态硬实力 60:84；实时天气待补充；暂无已核实首发、伤停或赔率证据。三结果概率为 16% / 26% / 58%。,实时天气待补充,等待赛前资料,,暂无已核实首发、伤停或赔率证据,[],"[{""factor"": ""硬实力差"", ""value"": -34.8}, {""factor"": ""主场/海拔"", ""value"": 0}, {""factor"": ""实时天气适应"", ""value"": 0}, {""factor"": ""已核实临场信息"", ""value"": 0}, {""factor"": ""平局修正"", ""value"": 0.0}]"
65,Cabo Verde,Saudi Arabia,-10,接近均势,低,61,68,30,26,44,静态硬实力 61:68；实时天气待补充；暂无已核实首发、伤停或赔率证据。三结果概率为 30% / 26% / 44%。,实时天气待补充,等待赛前资料,,暂无已核实首发、伤停或赔率证据,[],"[{""factor"": ""硬实力差"", ""value"": -10.2}, {""factor"": ""主场/海拔"", ""value"": 0}, {""factor"": ""实时天气适应"", ""value"": 0}, {""factor"": ""已核实临场信息"", ""value"": 0}, {""factor"": ""平局修正"", ""value"": 0.0}]"
66,Uruguay,Spain,-12,倾向 Spain,低,83,91,29,26,45,静态硬实力 83:91；实时天气待补充；暂无已核实首发、伤停或赔率证据。三结果概率为 29% / 26% / 45%。,实时天气待补充,等待赛前资料,,暂无已核实首发、伤停或赔率证据,[],"[{""factor"": ""硬实力差"", ""value"": -11.6}, {""factor"": ""主场/海拔"", ""value"": 0}, {""factor"": ""实时天气适应"", ""value"": 0}, {""factor"": ""已核实临场信息"", ""value"": 0}, {""factor"": ""平局修正"", ""value"": 0.0}]"
67,Panama,England,-41,倾向 England,中,62,90,14,26,60,静态硬实力 62:90；实时天气待补充；暂无已核实首发、伤停或赔率证据。三结果概率为 14% / 26% / 60%。,实时天气待补充,等待赛前资料,,暂无已核实首发、伤停或赔率证据,[],"[{""factor"": ""硬实力差"", ""value"": -40.6}, {""factor"": ""主场/海拔"", ""value"": 0}, {""factor"": ""实时天气适应"", ""value"": 0}, {""factor"": ""已核实临场信息"", ""value"": 0}, {""factor"": ""平局修正"", ""value"": 0.0}]"
68,Croatia,Ghana,22,倾向 Croatia,低,82,67,51,26,23,静态硬实力 82:67；实时天气待补充；暂无已核实首发、伤停或赔率证据。三结果概率为 51% / 26% / 23%。,实时天气待补充,等待赛前资料,,暂无已核实首发、伤停或赔率证据,[],"[{""factor"": ""硬实力差"", ""value"": 21.8}, {""factor"": ""主场/海拔"", ""value"": 0}, {""factor"": ""实时天气适应"", ""value"": 0}, {""factor"": ""已核实临场信息"", ""value"": 0}, {""factor"": ""平局修正"", ""value"": 0.0}]"
69,Algeria,Austria,-13,倾向 Austria,低,67,76,29,26,45,静态硬实力 67:76；实时天气待补充；暂无已核实首发、伤停或赔率证据。三结果概率为 29% / 26% / 45%。,实时天气待补充,等待赛前资料,,暂无已核实首发、伤停或赔率证据,[],"[{""factor"": ""硬实力差"", ""value"": -13.0}, {""factor"": ""主场/海拔"", ""value"": 0}, {""factor"": ""实时天气适应"", ""value"": 0}, {""factor"": ""已核实临场信息"", ""value"": 0}, {""factor"": ""平局修正"", ""value"": 0.0}]"
70,Jordan,Argentina,-49,倾向 Argentina,高,60,94,11,26,63,静态硬实力 60:94；实时天气待补充；暂无已核实首发、伤停或赔率证据。三结果概率为 11% / 26% / 63%。,实时天气待补充,等待赛前资料,,暂无已核实首发、伤停或赔率证据,[],"[{""factor"": ""硬实力差"", ""value"": -49.3}, {""factor"": ""主场/海拔"", ""value"": 0}, {""factor"": ""实时天气适应"", ""value"": 0}, {""factor"": ""已核实临场信息"", ""value"": 0}, {""factor"": ""平局修正"", ""value"": 0.0}]"
71,Colombia,Portugal,-12,倾向 Portugal,低,80,88,29,26,45,静态硬实力 80:88；实时天气待补充；暂无已核实首发、伤停或赔率证据。三结果概率为 29% / 26% / 45%。,实时天气待补充,等待赛前资料,,暂无已核实首发、伤停或赔率证据,[],"[{""factor"": ""硬实力差"", ""value"": -11.6}, {""factor"": ""主场/海拔"", ""value"": 0}, {""factor"": ""实时天气适应"", ""value"": 0}, {""factor"": ""已核实临场信息"", ""value"": 0}, {""factor"": ""平局修正"", ""value"": 0.0}]"
72,Congo DR,Uzbekistan,1,接近均势,低,64,63,38,26,36,静态硬实力 64:63；实时天气待补充；暂无已核实首发、伤停或赔率证据。三结果概率为 38% / 26% / 36%。,实时天气待补充,等待赛前资料,,暂无已核实首发、伤停或赔率证据,[],"[{""factor"": ""硬实力差"", ""value"": 1.4}, {""factor"": ""主场/海拔"", ""value"": 0}, {""factor"": ""实时天气适应"", ""value"": 0}, {""factor"": ""已核实临场信息"", ""value"": 0}, {""factor"": ""平局修正"", ""value"": 0.0}]"
73,Group A runners-up,Group B runners-up,0,待定,低,,,33,34,33,淘汰赛对阵或球队尚未确定。,待定,待球队确定,,,[],[]
74,Group E winners,Group A/B/C/D/F third place,0,待定,低,,,33,34,33,淘汰赛对阵或球队尚未确定。,待定,待球队确定,,,[],[]
75,Group F winners,Group C runners-up,0,待定,低,,,33,34,33,淘汰赛对阵或球队尚未确定。,待定,待球队确定,,,[],[]
76,Group C winners,Group F runners-up,0,待定,低,,,33,34,33,淘汰赛对阵或球队尚未确定。,待定,待球队确定,,,[],[]
77,Group I winners,Group C/D/F/G/H third place,0,待定,低,,,33,34,33,淘汰赛对阵或球队尚未确定。,待定,待球队确定,,,[],[]
78,Group E runners-up,Group I runners-up,0,待定,低,,,33,34,33,淘汰赛对阵或球队尚未确定。,待定,待球队确定,,,[],[]
79,Group A winners,Group C/E/F/H/I third place,0,待定,低,,,33,34,33,淘汰赛对阵或球队尚未确定。,待定,待球队确定,,,[],[]
80,Group L winners,Group E/H/I/J/K third place,0,待定,低,,,33,34,33,淘汰赛对阵或球队尚未确定。,待定,待球队确定,,,[],[]
81,Group D winners,Group B/E/F/I/J third place,0,待定,低,,,33,34,33,淘汰赛对阵或球队尚未确定。,待定,待球队确定,,,[],[]
82,Group G winners,Group A/E/H/I/J third place,0,待定,低,,,33,34,33,淘汰赛对阵或球队尚未确定。,待定,待球队确定,,,[],[]
83,Group K runners-up,Group L runners-up,0,待定,低,,,33,34,33,淘汰赛对阵或球队尚未确定。,待定,待球队确定,,,[],[]
84,Group H winners,Group J runners-up,0,待定,低,,,33,34,33,淘汰赛对阵或球队尚未确定。,待定,待球队确定,,,[],[]
85,Group B winners,Group E/F/G/I/J third place,0,待定,低,,,33,34,33,淘汰赛对阵或球队尚未确定。,待定,待球队确定,,,[],[]
86,Group J winners,Group H runners-up,0,待定,低,,,33,34,33,淘汰赛对阵或球队尚未确定。,待定,待球队确定,,,[],[]
87,Group K winners,Group D/E/I/J/L third place,0,待定,低,,,33,34,33,淘汰赛对阵或球队尚未确定。,待定,待球队确定,,,[],[]
88,Group D runners-up,Group G runners-up,0,待定,低,,,33,34,33,淘汰赛对阵或球队尚未确定。,待定,待球队确定,,,[],[]
89,Winner Match 74,Winner Match 77,0,待定,低,,,33,34,33,淘汰赛对阵或球队尚未确定。,待定,待球队确定,,,[],[]
90,Winner Match 73,Winner Match 75,0,待定,低,,,33,34,33,淘汰赛对阵或球队尚未确定。,待定,待球队确定,,,[],[]
91,Winner Match 76,Winner Match 78,0,待定,低,,,33,34,33,淘汰赛对阵或球队尚未确定。,待定,待球队确定,,,[],[]
92,Winner Match 79,Winner Match 80,0,待定,低,,,33,34,33,淘汰赛对阵或球队尚未确定。,待定,待球队确定,,,[],[]
93,Winner Match 83,Winner Match 84,0,待定,低,,,33,34,33,淘汰赛对阵或球队尚未确定。,待定,待球队确定,,,[],[]
94,Winner Match 81,Winner Match 82,0,待定,低,,,33,34,33,淘汰赛对阵或球队尚未确定。,待定,待球队确定,,,[],[]
95,Winner Match 86,Winner Match 88,0,待定,低,,,33,34,33,淘汰赛对阵或球队尚未确定。,待定,待球队确定,,,[],[]
96,Winner Match 85,Winner Match 87,0,待定,低,,,33,34,33,淘汰赛对阵或球队尚未确定。,待定,待球队确定,,,[],[]
97,Winner Match 89,Winner Match 90,0,待定,低,,,33,34,33,淘汰赛对阵或球队尚未确定。,待定,待球队确定,,,[],[]
98,Winner Match 93,Winner Match 94,0,待定,低,,,33,34,33,淘汰赛对阵或球队尚未确定。,待定,待球队确定,,,[],[]
99,Winner Match 91,Winner Match 92,0,待定,低,,,33,34,33,淘汰赛对阵或球队尚未确定。,待定,待球队确定,,,[],[]
100,Winner Match 95,Winner Match 96,0,待定,低,,,33,34,33,淘汰赛对阵或球队尚未确定。,待定,待球队确定,,,[],[]
101,Winner Match 97,Winner Match 98,0,待定,低,,,33,34,33,淘汰赛对阵或球队尚未确定。,待定,待球队确定,,,[],[]
102,Winner Match 99,Winner Match 100,0,待定,低,,,33,34,33,淘汰赛对阵或球队尚未确定。,待定,待球队确定,,,[],[]
103,Loser Match 101,Loser Match 102,0,待定,低,,,33,34,33,淘汰赛对阵或球队尚未确定。,待定,待球队确定,,,[],[]
104,Winner Match 101,Winner Match 102,0,待定,低,,,33,34,33,淘汰赛对阵或球队尚未确定。,待定,待球队确定,,,[],[]
